,序号,债券代码,债券简称,发债人,展期公告日,状态,展期总额(亿),已兑付金额(亿),展期本金(亿),展期利息(亿),展期孳息(亿),首次展期时余额(亿),首次展期日期,展期起始日,展期截止日,展期类型,历程,债券类型,首次展期债项评级,是否城投,企业性质,所属行业,所属地区,首次展期主体评级
0,1.0,149194.0,20宝龙04,上海宝龙实业发展(集团)有限公司,2024-01-31,展期,未披露,-,-,-,-,8.0,2022-08-07,2023-08-07,2028-02-07,回售,查看,公司债,-,否,中外合资企业,房地产,上海,-
1,2.0,175505.0,H20方圆1,广州市方圆房地产发展有限公司,2024-01-19,展期,8.336,-,7.180,0.918,0.238,9.18,2023-12-03,2023-12-03,2024-04-02,"利息,回售",查看,公司债,AA,否,民营企业,房地产,广东,AA
2,3.0,151766.0,H19宝龙2,上海宝龙实业发展(集团)有限公司,2024-01-15,展期,0.124,-,0.120,0.004,0.001,4.68,2022-07-15,2024-01-15,2024-02-14,"利息,本金",查看,私募债,-,否,中外合资企业,房地产,上海,-
3,4.0,155448.0,H19融侨1,融侨集团股份有限公司,2024-01-12,部分兑付,未披露,0.024,-,-,-,20.0,2023-06-03,2023-06-03,2026-11-30,利息,查看,公司债,AA+,否,中外合资企业,房地产,福建,AA+
4,5.0,188204.0,H21宝龙3,上海宝龙实业发展(集团)有限公司,2024-01-11,展期,未披露,-,-,-,-,4.7,2023-06-10,2024-06-10,2028-06-10,利息,查看,公司债,-,否,中外合资企业,房地产,上海,-
5,6.0,82280046.0,22美凯龙ABN001优先,福建星远置业有限公司,2024-01-09,展期,0.280,-,0.280,-,-,12.65,2024-01-19,2024-01-19,2025-01-19,"利息,本金",查看,资产支持票据,AAA,否,民营企业,房地产,福建,-
6,7.0,151766.0,H19宝龙2,上海宝龙实业发展(集团)有限公司,2024-01-05,展期,6.457,-,4.680,-,1.777,6.0,2022-07-15,2022-07-15,2028-01-15,本金,查看,私募债,-,否,中外合资企业,房地产,上海,-
7,8.0,175995.0,H21宝龙2,上海宝龙实业发展(集团)有限公司,2024-01-04,展期,17.588,-,14.960,0.972,1.655,14.96,2024-04-16,2024-04-16,2028-04-16,"利息,本金",查看,公司债,AA+,否,中外合资企业,房地产,上海,AA+
8,9.0,175505.0,H20方圆1,广州市方圆房地产发展有限公司,2024-01-02,展期,8.218,-,7.180,0.918,0.120,9.18,2023-12-03,2023-12-03,2024-02-02,"利息,回售",查看,公司债,AA,否,民营企业,房地产,广东,AA
9,10.0,138749.0,H20奥创A,奥园集团有限公司,2023-12-29,展期,未披露,-,-,-,-,7.3,2022-05-20,2023-12-30,2024-02-20,利息,查看,资产支持证券,A,否,中外合资企业,房地产,广东,A
10,11.0,136225.0,H21奥创A,奥园集团有限公司,2023-12-29,展期,未披露,-,-,-,-,7.1,2023-05-30,2023-12-30,2024-02-20,利息,查看,资产支持证券,A,否,中外合资企业,房地产,广东,A
11,12.0,175524.0,H21绿地1,绿地控股集团有限公司,2023-12-29,展期,10.892,-,9.000,-,1.892,9.0,2024-01-07,2024-01-07,2027-01-07,本金,查看,公司债,AAA,否,地方国企,房地产,上海,AAA
12,13.0,175525.0,H21绿地2,绿地控股集团有限公司,2023-12-29,展期,10.518,-,8.800,-,1.718,8.8,2024-01-07,2024-01-07,2027-01-07,本金,查看,公司债,AAA,否,地方国企,房地产,上海,AAA
13,14.0,188326.0,H21奥园,奥园集团有限公司,2023-12-28,展期,0.111,-,-,0.111,-,18.2,2022-07-02,2022-07-02,2024-02-20,利息,查看,公司债,A,否,中外合资企业,房地产,广东,A
14,15.0,163188.0,H20奥园1,奥园集团有限公司,2023-12-28,展期,0.087,-,-,0.087,-,25.4,2023-03-30,2023-05-30,2024-02-20,利息,查看,公司债,A,否,中外合资企业,房地产,广东,A
15,16.0,151672.0,H融侨F1,融侨集团股份有限公司,2023-12-28,展期,3.995,-,3.125,-,0.870,3.13,2022-06-05,2022-06-05,2026-11-30,"利息,本金",查看,私募债,-,否,中外合资企业,房地产,福建,-
16,17.0,166419.0,H0融侨F1,融侨集团股份有限公司,2023-12-28,展期,未披露,-,-,-,-,2.0,2023-03-26,2023-03-26,2026-11-30,利息,查看,私募债,AA+,否,中外合资企业,房地产,福建,AA+
17,18.0,163659.0,H20融侨1,融侨集团股份有限公司,2023-12-28,展期,未披露,-,-,-,-,20.0,2023-08-31,2023-08-31,2026-11-30,利息,查看,公司债,AA+,否,中外合资企业,房地产,福建,AA+
18,19.0,188318.0,H21融侨1,融侨集团股份有限公司,2023-12-28,展期,未披露,-,-,-,-,10.6,2023-08-31,2023-08-31,2026-11-30,利息,查看,公司债,AA+,否,中外合资企业,房地产,福建,AA+
19,20.0,163911.0,H20奥园2,奥园集团有限公司,2023-12-28,展期,0.057,-,-,0.057,-,11.8,2022-08-06,2022-08-06,2024-02-20,利息,查看,公司债,A,否,中外合资企业,房地产,广东,A
20,21.0,188925.0,H21珠投5,广东珠江投资股份有限公司,2023-12-26,部分兑付,10.370,0.123,10.000,0.123,0.247,10.0,2023-10-26,2023-10-26,2024-02-23,"利息,回售",查看,公司债,AA+,否,民营企业,房地产,广东,AA+
21,22.0,175505.0,H20方圆1,广州市方圆房地产发展有限公司,2023-12-21,展期,8.098,-,7.180,0.918,-,9.18,2023-12-03,2023-12-03,2024-12-03,"利息,回售",查看,公司债,AA,否,民营企业,房地产,广东,AA
22,23.0,156459.0,H远洋R次,远洋控股集团(中国)有限公司,2023-12-14,展期,3.203,-,3.203,-,-,3.2,2023-12-13,2023-12-13,2024-12-13,本金,查看,资产支持证券,-,否,其他国企,房地产,北京,AAA
23,24.0,156458.0,H远洋R1A,远洋控股集团(中国)有限公司,2023-12-14,展期,13.583,-,12.812,-,0.771,12.81,2023-12-13,2023-12-13,2024-12-13,本金,查看,资产支持证券,AAA,否,其他国企,房地产,北京,AAA
24,25.0,112801.0,H8龙控05,深圳市龙光控股有限公司,2023-12-11,已全部兑付,未披露,0.618,-,-,-,24.18,2022-11-10,2023-12-10,2024-01-09,利息,查看,公司债,-,否,外资企业,房地产,广东,-
25,26.0,188619.0,H龙债03,深圳市龙光控股有限公司,2023-12-11,已全部兑付,未披露,-,-,-,-,14.76,2023-12-10,2023-12-10,2024-01-09,利息,查看,公司债,AAA,否,外资企业,房地产,广东,AAA
26,27.0,175090.0,H龙债04,深圳市龙光控股有限公司,2023-12-11,已全部兑付,未披露,-,-,-,-,19.78,2022-11-10,2023-12-10,2024-01-09,利息,查看,公司债,-,否,外资企业,房地产,广东,-
27,28.0,188305.0,H龙债02,深圳市龙光控股有限公司,2023-12-11,已全部兑付,未披露,-,-,-,-,13.24,2023-12-10,2023-12-10,2024-01-09,利息,查看,公司债,AAA,否,外资企业,房地产,广东,AAA
28,29.0,175613.0,H21宝龙1,上海宝龙实业发展(集团)有限公司,2023-12-11,展期,未披露,-,-,-,-,9.5,2023-01-11,2025-01-11,2028-01-11,利息,查看,公司债,-,否,中外合资企业,房地产,上海,-
29,30.0,114532.0,H9龙控03,深圳市龙光控股有限公司,2023-12-11,已全部兑付,未披露,0.026,-,-,-,1.05,2022-11-10,2023-12-10,2024-01-09,利息,查看,私募债,-,否,外资企业,房地产,广东,-
30,31.0,163012.0,H龙控04,深圳市龙光控股有限公司,2023-12-11,已全部兑付,未披露,-,-,-,-,19.72,2022-11-10,2023-12-10,2024-01-09,利息,查看,公司债,-,否,外资企业,房地产,广东,-
31,32.0,149428.0,H1龙控01,深圳市龙光控股有限公司,2023-12-11,已全部兑付,未披露,0.114,-,-,-,4.16,2023-12-10,2023-12-10,2024-01-09,利息,查看,公司债,AAA,否,外资企业,房地产,广东,AAA
32,33.0,82100637.0,21远洋控股ABN001优先,远洋控股集团(中国)有限公司,2023-12-06,部分兑付,0.602,0.060,-,0.602,-,31.33,2023-11-30,2023-11-30,2024-02-29,利息,查看,资产支持票据,AAA,否,其他国企,房地产,北京,AAA
33,34.0,175447.0,H20花样2,花样年集团(中国)有限公司,2023-11-28,展期,未披露,-,-,-,-,15.43,2021-11-25,2021-11-25,2028-06-30,利息,查看,公司债,BBB-,否,民营企业,房地产,广东,BBB-
34,35.0,82100637.0,21远洋控股ABN001优先,远洋控股集团(中国)有限公司,2023-11-28,部分兑付,0.420,0.120,0.300,0.120,-,31.33,2023-11-30,2023-11-30,2024-05-30,"利息,本金",查看,资产支持票据,AAA,否,其他国企,房地产,北京,AAA
35,36.0,175505.0,H20方圆1,广州市方圆房地产发展有限公司,2023-11-27,展期,8.159,-,7.180,0.918,0.061,9.18,2023-12-03,2023-12-03,2024-01-03,"利息,回售",查看,公司债,AA,否,民营企业,房地产,广东,AA
36,37.0,175447.0,H20花样2,花样年集团(中国)有限公司,2023-11-27,展期,未披露,-,-,-,-,15.43,2021-11-25,2023-03-31,2028-06-30,利息,查看,公司债,BBB-,否,民营企业,房地产,广东,BBB-
37,38.0,145016.0,H16合景3,合景泰富集团控股有限公司,2023-11-24,展期,未披露,-,-,-,-,16.7,2023-10-16,2023-10-16,2027-10-16,利息,查看,私募债,AAA,否,民营企业,房地产,-,AAA
38,39.0,175097.0,H20正荣3,正荣地产控股有限公司,2023-11-22,部分兑付,7.048,0.100,6.158,-,0.890,9.95,2022-09-14,2023-09-14,2026-09-14,"利息,本金",查看,公司债,-,否,民营企业,房地产,上海,-
39,40.0,112997.0,19中南03,江苏中南建设集团股份有限公司,2023-11-22,展期,未披露,-,-,-,-,5.59,2023-11-22,2023-11-22,2028-11-22,利息,查看,公司债,AA+,否,民营企业,房地产,江苏,AA+
40,41.0,175097.0,H20正荣3,正荣地产控股有限公司,2023-11-21,展期,4.703,-,3.972,-,0.731,9.95,2022-09-14,2023-09-14,2027-03-14,"利息,本金",查看,公司债,-,否,民营企业,房地产,上海,-
41,42.0,175354.0,H20融侨2,融侨集团股份有限公司,2023-11-20,展期,未披露,-,-,-,-,8.0,2022-11-18,2022-11-18,2026-11-30,利息,查看,公司债,AA+,否,中外合资企业,房地产,福建,AA+
42,43.0,155688.0,H奥园02,奥园集团有限公司,2023-11-17,部分兑付,0.769,0.038,-,0.769,-,15.0,2022-09-03,2023-06-30,2025-02-28,利息,查看,公司债,A,否,中外合资企业,房地产,广东,A
43,44.0,189761.0,HPR龙控9,深圳市龙光控股有限公司,2023-11-12,已全部兑付,未披露,0.165,-,-,-,6.99,2022-07-08,2023-11-10,2023-12-10,利息,查看,资产支持证券,-,否,外资企业,房地产,广东,-
44,45.0,189095.0,HPR龙控8,深圳市龙光控股有限公司,2023-11-12,已全部兑付,未披露,0.177,-,-,-,7.4,2022-11-10,2023-11-10,2023-12-10,利息,查看,资产支持证券,-,否,外资企业,房地产,广东,-
45,46.0,150211.0,H龙控02,深圳市龙光控股有限公司,2023-11-10,已全部兑付,未披露,0.372,-,-,-,14.73,2022-03-22,2023-11-10,2023-12-10,利息,查看,私募债,-,否,外资企业,房地产,广东,-
46,47.0,175613.0,H21宝龙1,上海宝龙实业发展(集团)有限公司,2023-11-08,展期,0.349,-,0.329,-,0.020,9.5,2023-01-11,2023-01-11,2024-01-10,"本金,回售",查看,公司债,-,否,中外合资企业,房地产,上海,-
47,48.0,188745.0,H21旭辉3,旭辉集团股份有限公司,2023-11-01,展期,10.615,-,9.907,-,0.708,18.75,2023-09-14,2023-09-14,2025-07-14,回售,查看,公司债,AAA,否,民营企业,房地产,上海,AAA
48,49.0,188925.0,H21珠投5,广东珠江投资股份有限公司,2023-10-27,部分兑付,10.750,0.750,10.000,0.750,-,10.0,2023-10-26,2023-10-26,2023-12-25,"利息,回售",查看,公司债,AA+,否,民营企业,房地产,广东,AA+
49,50.0,188925.0,H21珠投5,广东珠江投资股份有限公司,2023-10-24,展期,10.750,-,10.000,0.750,-,10.0,2023-10-26,2023-10-26,2023-12-25,"利息,回售",查看,公司债,AA+,否,民营企业,房地产,广东,AA+
50,51.0,122498.0,H15远洋5,远洋控股集团(中国)有限公司,2023-10-24,展期,1.428,-,-,1.428,-,30.0,2023-10-19,2023-10-19,2023-11-17,利息,查看,公司债,AAA,否,其他国企,房地产,北京,AAA
51,52.0,151137.0,19华控03,华夏幸福基业控股股份公司,2023-10-23,展期,0.787,-,0.600,0.041,0.146,0.6,2022-01-24,2022-01-24,2031-10-21,"利息,本金",查看,私募债,-,否,民营企业,房地产,河北,-
52,53.0,122498.0,H15远洋5,远洋控股集团(中国)有限公司,2023-10-18,展期,1.428,-,-,1.428,-,30.0,2023-10-19,2023-10-19,2023-10-26,利息,查看,公司债,AAA,否,其他国企,房地产,北京,AAA
53,54.0,188420.0,H21正荣1,正荣地产控股有限公司,2023-10-18,部分兑付,未披露,-,-,-,-,13.2,2022-07-23,2022-07-23,2027-01-23,利息,查看,公司债,-,否,民营企业,房地产,上海,-
54,55.0,122498.0,H15远洋5,远洋控股集团(中国)有限公司,2023-10-16,展期,1.428,-,-,1.428,-,30.0,2023-10-19,2023-10-19,2023-12-19,利息,查看,公司债,AAA,否,其他国企,房地产,北京,AAA
55,56.0,149258.0,20恒大05,恒大地产集团有限公司,2023-10-16,展期,17.218,-,16.000,1.218,-,21.0,2022-10-19,2022-10-19,2024-10-19,"利息,回售",查看,公司债,B,否,民营企业,房地产,广东,B
56,57.0,150390.0,H18俊发1,俊发集团有限公司,2023-10-15,展期,1.600,-,-,1.600,-,20.0,2022-10-22,2023-10-22,2024-10-22,利息,查看,私募债,-,否,外资企业,房地产,云南,-
57,58.0,143666.0,H18远洋1,远洋控股集团(中国)有限公司,2023-10-13,已全部兑付,1.008,1.000,1.000,-,0.008,20.0,2023-08-02,2023-08-02,2023-10-17,本金,查看,公司债,AAA,否,其他国企,房地产,北京,AAA
58,59.0,135391.0,16华夏05,华夏幸福基业股份有限公司,2023-10-12,部分兑付,22.851,0.327,19.931,-,2.920,20.0,2021-04-18,2021-04-18,2029-12-31,本金,查看,私募债,-,否,民营企业,房地产,河北,-
59,60.0,135302.0,16华夏04,华夏幸福基业股份有限公司,2023-10-12,部分兑付,34.334,0.490,29.896,-,4.438,30.0,2021-03-24,2021-03-24,2030-01-07,本金,查看,私募债,-,否,民营企业,房地产,河北,-
60,61.0,136244.0,16华夏02,华夏幸福基业股份有限公司,2023-10-12,部分兑付,22.917,0.327,19.930,-,2.987,20.0,2021-03-03,2021-03-03,2030-01-07,本金,查看,公司债,-,否,民营企业,房地产,河北,-
61,62.0,169125.0,HPR优1,融信(福建)投资集团有限公司,2023-10-08,部分兑付,0.615,0.275,-,0.577,0.039,20.68,2022-10-21,2022-10-21,2026-07-14,利息,查看,资产支持证券,AAA,否,民营企业,房地产,福建,AAA
62,63.0,177886.0,H21万通1,广西万通房地产有限公司,2023-09-25,展期,1.008,-,-,1.008,-,5.6,2022-03-31,2022-03-31,2024-03-31,利息,查看,私募债,-,否,民营企业,房地产,广西,AA
63,64.0,114551.0,H9融投02,融信(福建)投资集团有限公司,2023-09-22,部分兑付,1.456,0.013,-,1.192,0.264,10.0,2022-08-26,2022-08-26,2026-04-28,利息,查看,私募债,AAA,否,民营企业,房地产,福建,AAA
64,65.0,114618.0,H9融投08,融信(福建)投资集团有限公司,2023-09-22,部分兑付,未披露,0.006,-,-,-,5.0,2023-04-28,2023-04-28,2026-04-28,利息,查看,私募债,AAA,否,民营企业,房地产,福建,AAA
65,66.0,188745.0,H21旭辉3,旭辉集团股份有限公司,2023-09-15,部分兑付,10.638,0.731,9.907,0.731,-,18.75,2023-09-14,2023-09-14,2023-11-14,"利息,回售",查看,公司债,AAA,否,民营企业,房地产,上海,AAA
66,67.0,163188.0,H20奥园1,奥园集团有限公司,2023-09-08,展期,1.734,-,-,1.734,-,25.4,2023-03-30,2023-03-30,2026-04-30,利息,查看,公司债,A,否,中外合资企业,房地产,广东,A
67,68.0,163911.0,H20奥园2,奥园集团有限公司,2023-09-08,展期,1.132,-,-,1.132,-,11.8,2022-08-06,2022-08-06,2025-02-28,利息,查看,公司债,A,否,中外合资企业,房地产,广东,A
68,69.0,188326.0,H21奥园,奥园集团有限公司,2023-09-08,展期,2.171,-,-,2.171,-,18.2,2022-07-02,2022-07-02,2025-02-28,利息,查看,公司债,A,否,中外合资企业,房地产,广东,A
69,70.0,135797.0,H16碧园5,碧桂园控股有限公司,2023-09-04,部分兑付,44.238,2.335,39.040,-,5.198,39.04,2023-09-02,2023-09-02,2026-09-02,本金,查看,私募债,AAA,否,中外合资企业,房地产,-,AAA
70,71.0,102001657.0,20宝龙MTN001,上海宝龙实业发展(集团)有限公司,2023-08-28,部分兑付,7.860,0.805,7.000,0.455,0.405,7.0,2022-08-27,2023-08-27,2024-08-27,"利息,本金",查看,中期票据,-,否,中外合资企业,房地产,上海,-
71,72.0,188745.0,H21旭辉3,旭辉集团股份有限公司,2023-08-21,展期,19.092,-,18.375,0.717,-,18.75,2023-09-14,2023-09-14,2026-09-14,"利息,本金",查看,公司债,AAA,否,民营企业,房地产,上海,AAA
72,73.0,151672.0,H融侨F1,融侨集团股份有限公司,2023-08-03,展期,3.410,-,3.125,-,0.285,3.13,2022-06-05,2022-06-05,2023-09-23,本金,查看,私募债,-,否,中外合资企业,房地产,福建,-
73,74.0,143666.0,H18远洋1,远洋控股集团(中国)有限公司,2023-08-02,已全部兑付,2.010,2.000,2.000,-,0.010,20.0,2023-08-02,2023-08-02,2023-09-17,本金,查看,公司债,AAA,否,其他国企,房地产,北京,AAA
74,75.0,143666.0,H18远洋1,远洋控股集团(中国)有限公司,2023-07-25,展期,20.609,-,20.000,-,0.609,20.0,2023-08-02,2023-08-02,2024-08-02,本金,查看,公司债,AAA,否,其他国企,房地产,北京,AAA
75,76.0,137431.0,H金优01,金科地产集团股份有限公司,2023-07-24,展期,11.833,-,9.975,-,1.858,9.98,2022-10-08,2022-10-08,2026-01-31,"利息,本金",查看,资产支持证券,AAA,否,民营企业,房地产,重庆,AAA
76,77.0,151925.0,H19景瑞1,景瑞地产(集团)有限公司,2023-07-20,展期,未披露,-,-,-,-,5.0,2023-08-07,2023-08-07,2026-08-07,利息,查看,私募债,AA,否,外资企业,房地产,上海,AA
77,78.0,149194.0,20宝龙04,上海宝龙实业发展(集团)有限公司,2023-07-17,展期,未披露,-,-,-,-,8.0,2022-08-07,2023-08-07,2024-07-07,回售,查看,公司债,-,否,中外合资企业,房地产,上海,-
78,79.0,169125.0,HPR优1,融信(福建)投资集团有限公司,2023-07-17,展期,0.319,-,-,0.302,0.018,20.68,2022-10-21,2022-10-21,2024-07-12,利息,查看,资产支持证券,AAA,否,民营企业,房地产,福建,AAA
79,80.0,155448.0,H19融侨1,融侨集团股份有限公司,2023-07-17,展期,21.766,-,19.985,1.460,0.320,20.0,2023-06-03,2023-06-03,2023-09-01,"利息,回售",查看,公司债,AA+,否,中外合资企业,房地产,福建,AA+
80,81.0,136244.0,16华夏02,华夏幸福基业股份有限公司,2023-07-14,展期,23.930,-,20.000,0.915,3.015,20.0,2021-03-03,2021-03-03,2029-12-31,"利息,本金",查看,公司债,-,否,民营企业,房地产,河北,-
81,82.0,135302.0,16华夏04,华夏幸福基业股份有限公司,2023-07-14,展期,35.832,-,30.000,1.344,4.488,30.0,2021-03-24,2021-03-24,2030-01-07,"利息,本金",查看,私募债,-,否,民营企业,房地产,河北,-
82,83.0,135391.0,16华夏05,华夏幸福基业股份有限公司,2023-07-14,展期,23.805,-,20.000,0.852,2.953,20.0,2021-04-18,2021-04-18,2029-12-31,"利息,本金",查看,私募债,-,否,民营企业,房地产,河北,-
83,84.0,135465.0,16华夏06,华夏幸福基业股份有限公司,2023-07-14,展期,1.638,-,-,1.638,-,40.0,2021-12-31,2021-12-31,2029-12-31,利息,查看,私募债,C,否,民营企业,房地产,河北,-
84,85.0,143550.0,18华夏01,华夏幸福基业股份有限公司,2023-07-13,展期,0.983,-,-,0.983,-,24.75,2021-12-31,2021-12-31,2029-12-31,利息,查看,公司债,-,否,民营企业,房地产,河北,-
85,86.0,151766.0,H19宝龙2,上海宝龙实业发展(集团)有限公司,2023-07-13,部分兑付,5.494,0.120,4.800,-,0.694,6.0,2022-07-15,2022-07-15,2024-07-15,本金,查看,私募债,-,否,中外合资企业,房地产,上海,-
86,87.0,155273.0,19华夏01,华夏幸福基业股份有限公司,2023-07-13,展期,0.447,-,-,0.447,-,10.0,2022-01-07,2022-01-07,2030-01-07,利息,查看,公司债,C,否,民营企业,房地产,河北,-
87,88.0,178954.0,H21万通2,广西万通房地产有限公司,2023-07-10,展期,4.319,-,3.400,0.306,0.613,3.4,2023-07-08,2023-07-08,2025-07-08,"利息,本金",查看,私募债,-,否,民营企业,房地产,广西,AA
88,89.0,138749.0,H20奥创A,奥园集团有限公司,2023-07-07,展期,8.798,-,7.300,-,1.498,7.3,2022-05-20,2022-05-20,2026-06-30,"利息,本金",查看,资产支持证券,A,否,中外合资企业,房地产,广东,A
89,90.0,175616.0,H21鑫苑1,鑫苑(中国)置业有限公司,2023-07-07,展期,未披露,-,-,-,-,5.0,2023-01-07,2023-01-07,2026-01-07,利息,查看,公司债,AA,否,民营企业,房地产,河南,AA
90,91.0,149803.0,H2金科01,金科地产集团股份有限公司,2023-07-06,展期,未披露,-,-,-,-,15.0,2023-01-31,2023-01-31,2026-12-31,利息,查看,公司债,AAA,否,民营企业,房地产,重庆,AAA
91,92.0,112924.0,H9金科03,金科地产集团股份有限公司,2023-07-06,展期,7.437,-,6.265,-,1.172,6.27,2022-07-08,2022-07-08,2026-01-31,"利息,本金",查看,公司债,AAA,否,民营企业,房地产,重庆,-
92,93.0,149495.0,H1金科04,金科地产集团股份有限公司,2023-07-06,展期,未披露,-,-,-,-,10.0,2023-01-31,2023-01-31,2026-12-31,利息,查看,公司债,AAA,否,民营企业,房地产,重庆,AAA
93,94.0,149130.0,H0金科04,金科地产集团股份有限公司,2023-07-06,展期,未披露,-,-,-,-,4.5,2023-01-31,2023-01-31,2026-12-31,利息,查看,公司债,AAA,否,民营企业,房地产,重庆,AAA
94,95.0,149388.0,H1金科03,金科地产集团股份有限公司,2023-07-06,展期,未披露,-,-,-,-,22.0,2023-01-31,2023-01-31,2026-12-31,利息,查看,公司债,AAA,否,民营企业,房地产,重庆,AAA
95,96.0,149038.0,H0金科02,金科地产集团股份有限公司,2023-07-06,展期,未披露,-,-,-,-,4.0,2023-01-31,2023-01-31,2026-12-31,利息,查看,公司债,AAA,否,民营企业,房地产,重庆,AAA
96,97.0,149129.0,H0金科03,金科地产集团股份有限公司,2023-07-06,展期,未披露,-,-,-,-,10.0,2022-05-28,2023-01-31,2026-01-31,利息,查看,公司债,AAA,否,民营企业,房地产,重庆,-
97,98.0,155719.0,H19世茂1,上海世茂建设有限公司,2023-07-05,展期,未披露,-,-,-,-,10.0,2023-03-15,2023-03-15,2027-09-15,利息,查看,公司债,AA+,否,外资企业,房地产,上海,AA+
98,99.0,119423.0,17勒泰A1,石家庄勒泰房地产开发有限公司,2023-06-28,展期,10.284,-,10.000,-,0.284,10.0,2022-12-31,2023-06-30,2023-12-29,"利息,本金",查看,资产支持证券,-,否,外资企业,房地产,河北,-
99,100.0,119424.0,17勒泰A2,石家庄勒泰房地产开发有限公司,2023-06-28,展期,21.723,-,21.000,-,0.723,21.0,2022-12-31,2023-06-30,2023-12-29,"利息,本金",查看,资产支持证券,-,否,外资企业,房地产,河北,-
100,101.0,155103.0,18华夏07,华夏幸福基业股份有限公司,2023-06-21,展期,1.030,-,-,1.030,-,40.0,2021-12-31,2021-12-31,2029-12-31,利息,查看,公司债,CCC,否,民营企业,房地产,河北,-
101,102.0,143551.0,18华夏02,华夏幸福基业股份有限公司,2023-06-21,展期,0.209,-,-,0.209,-,5.25,2021-12-31,2021-12-31,2029-12-31,利息,查看,公司债,-,否,民营企业,房地产,河北,-
102,103.0,143693.0,18华夏03,华夏幸福基业股份有限公司,2023-06-21,展期,0.766,-,-,0.766,-,20.0,2021-12-31,2021-12-31,2029-12-31,利息,查看,公司债,-,否,民营企业,房地产,河北,-
103,104.0,155102.0,18华夏06,华夏幸福基业股份有限公司,2023-06-21,展期,0.005,-,-,0.005,-,0.18,2021-12-31,2021-12-31,2029-12-31,利息,查看,公司债,CCC,否,民营企业,房地产,河北,-
104,105.0,136167.0,16华夏债,华夏幸福基业股份有限公司,2023-06-21,展期,0.004,-,-,0.004,-,0.12,2022-03-11,2022-03-11,2030-03-11,利息,查看,公司债,CC,否,民营企业,房地产,河北,-
105,106.0,150683.0,18华夏04,华夏幸福基业股份有限公司,2023-06-21,展期,0.425,-,-,0.425,-,13.0,2021-12-31,2021-12-31,2029-12-31,利息,查看,私募债,-,否,民营企业,房地产,河北,-
106,107.0,122494.0,15华夏05,华夏幸福基业股份有限公司,2023-06-21,展期,1.192,-,-,1.192,-,40.0,2021-12-31,2021-12-31,2029-12-31,利息,查看,公司债,CC,否,民营企业,房地产,河北,-
107,108.0,135082.0,16华夏01,华夏幸福基业股份有限公司,2023-06-21,展期,未披露,-,-,-,-,28.0,2021-12-31,2021-12-31,2029-12-31,利息,查看,私募债,C,否,民营企业,房地产,河北,-
108,109.0,122393.0,15恒大03,恒大地产集团有限公司,2023-06-19,展期,104.910,-,82.000,11.447,11.463,82.0,2022-07-08,2022-07-08,2024-07-08,"利息,本金",查看,公司债,B,否,民营企业,房地产,广东,B
109,110.0,194885.0,H22佳源2,佳源创盛控股集团有限公司,2023-06-19,展期,4.961,-,4.000,0.320,0.641,4.0,2023-07-05,2023-07-05,2025-07-05,"利息,回售",查看,私募债,-,否,民营企业,房地产,浙江,AA+
110,111.0,136225.0,H21奥创A,奥园集团有限公司,2023-06-09,展期,7.100,-,7.100,-,-,7.1,2023-05-30,2023-05-30,2026-06-30,"利息,本金",查看,资产支持证券,A,否,中外合资企业,房地产,广东,A
111,112.0,101900860.0,19宝龙MTN002,上海宝龙实业发展(集团)有限公司,2023-06-08,展期,0.553,-,-,0.503,0.051,5.0,2023-06-26,2023-06-26,2024-06-26,利息,查看,中期票据,-,否,中外合资企业,房地产,上海,-
112,113.0,155501.0,H融信2,融信(福建)投资集团有限公司,2023-06-07,部分兑付,10.102,0.009,8.227,-,1.875,11.5,2022-07-03,2022-07-03,2026-04-28,"利息,回售",查看,公司债,AAA,否,民营企业,房地产,福建,AAA
113,114.0,155500.0,H融信1,融信(福建)投资集团有限公司,2023-06-07,部分兑付,10.110,0.008,8.308,-,1.802,10.0,2022-07-03,2022-07-03,2026-04-28,"利息,回售",查看,公司债,AAA,否,民营企业,房地产,福建,AAA
114,115.0,175023.0,H20融信3,融信(福建)投资集团有限公司,2023-06-07,部分兑付,未披露,0.013,-,-,-,13.0,2022-08-19,2023-04-28,2026-04-28,利息,查看,公司债,AAA,否,民营企业,房地产,福建,AAA
115,116.0,175743.0,H21融信1,融信(福建)投资集团有限公司,2023-06-07,部分兑付,未披露,0.011,-,-,-,10.0,2023-04-28,2023-04-28,2027-04-28,利息,查看,公司债,AAA,否,民营企业,房地产,福建,AAA
116,117.0,188289.0,H21融信3,融信(福建)投资集团有限公司,2023-06-07,部分兑付,未披露,0.007,-,-,-,10.0,2023-04-28,2023-04-28,2027-04-28,利息,查看,公司债,AAA,否,民营企业,房地产,福建,AAA
117,118.0,151672.0,H融侨F1,融侨集团股份有限公司,2023-06-06,展期,6.723,-,6.250,-,0.473,3.13,2022-06-05,2022-06-05,2023-08-04,本金,查看,私募债,-,否,中外合资企业,房地产,福建,-
118,119.0,165895.0,H正荣1优,正荣地产控股有限公司,2023-06-05,展期,2.115,-,1.789,-,0.326,1.79,2023-03-17,2023-03-17,2026-09-17,"利息,本金",查看,资产支持证券,AAA,否,民营企业,房地产,上海,AAA
119,120.0,168257.0,H正荣2优,正荣地产控股有限公司,2023-06-05,部分兑付,1.619,-,1.373,-,0.246,1.37,2023-05-08,2023-05-08,2026-11-08,"利息,本金",查看,资产支持证券,AAA,否,民营企业,房地产,上海,AAA
120,121.0,114634.0,H9中金05,中天金融集团股份有限公司,2023-06-01,展期,0.921,-,-,0.921,-,10.83,2022-12-13,2022-12-13,2023-12-13,利息,查看,私募债,-,否,民营企业,房地产,贵州,AA
121,122.0,168298.0,H时粤1优,广州市时代控股集团有限公司,2023-05-31,展期,5.861,-,5.070,-,0.791,5.07,2023-02-24,2023-02-24,2026-02-24,"利息,本金",查看,资产支持证券,-,否,民营企业,房地产,广东,-
122,123.0,149139.0,20恒大03,恒大地产集团有限公司,2023-05-30,展期,27.804,-,25.000,1.400,1.404,25.0,2023-06-05,2023-06-05,2024-06-05,"利息,本金",查看,公司债,B,否,民营企业,房地产,广东,B
123,124.0,163761.0,H20融信1,融信(福建)投资集团有限公司,2023-05-30,部分兑付,未披露,0.009,-,-,-,16.5,2022-07-27,2023-04-28,2026-04-28,利息,查看,公司债,AAA,否,民营企业,房地产,福建,AAA
124,125.0,194626.0,H22佳源1,佳源创盛控股集团有限公司,2023-05-26,展期,2.374,-,1.914,0.153,0.307,1.91,2023-06-06,2023-06-06,2025-06-06,"利息,回售",查看,私募债,-,否,民营企业,房地产,浙江,AA+
125,126.0,163539.0,HPR旭辉1,旭辉集团股份有限公司,2023-05-25,展期,21.317,-,20.043,-,1.274,20.78,2023-05-29,2023-05-29,2024-12-29,回售,查看,公司债,AAA,否,民营企业,房地产,上海,AAA
126,127.0,155448.0,H19融侨1,融侨集团股份有限公司,2023-05-25,展期,21.445,-,19.985,1.300,0.160,20.0,2023-06-03,2023-06-03,2023-07-18,"利息,回售",查看,公司债,AA+,否,中外合资企业,房地产,福建,AA+
127,128.0,149128.0,20恒大02,恒大地产集团有限公司,2023-05-22,展期,44.726,-,40.000,2.360,2.366,40.0,2023-05-26,2023-05-26,2024-05-26,"利息,本金",查看,公司债,B,否,民营企业,房地产,广东,B
128,129.0,155304.0,19禹洲01,厦门禹洲鸿图地产开发有限公司,2023-05-19,展期,未披露,-,-,-,-,20.0,2023-04-03,2023-04-03,2023-06-28,回售,查看,公司债,AA,否,中外合资企业,房地产,福建,AA+
129,130.0,175387.0,H20鑫苑1,鑫苑(中国)置业有限公司,2023-05-15,展期,0.752,-,-,0.752,-,9.0,2022-11-13,2022-11-13,2025-11-13,利息,查看,公司债,AA,否,民营企业,房地产,河南,AA
130,131.0,188204.0,H21宝龙3,上海宝龙实业发展(集团)有限公司,2023-05-12,展期,未披露,-,-,-,-,4.7,2023-06-10,2023-06-10,2025-06-10,回售,查看,公司债,-,否,中外合资企业,房地产,上海,-
131,132.0,155832.0,H19世茂4,上海世茂建设有限公司,2023-05-12,展期,未披露,-,-,-,-,10.0,2022-11-11,2022-11-11,2027-09-15,利息,查看,公司债,AA+,否,外资企业,房地产,上海,AA+
132,133.0,163347.0,H20世03,上海世茂建设有限公司,2023-05-12,展期,未披露,-,-,-,-,28.0,2023-03-15,2023-03-15,2028-06-15,利息,查看,公司债,AA+,否,外资企业,房地产,上海,AA+
133,134.0,163472.0,H20世04,上海世茂建设有限公司,2023-05-12,展期,未披露,-,-,-,-,31.0,2023-03-15,2023-03-15,2027-09-15,利息,查看,公司债,AA+,否,外资企业,房地产,上海,AA+
134,135.0,175049.0,H20世茂6,上海世茂建设有限公司,2023-05-12,展期,未披露,-,-,-,-,27.0,2022-08-27,2023-03-15,2027-09-15,利息,查看,公司债,AA+,否,外资企业,房地产,上海,AA+
135,136.0,102100936.0,21沪世茂MTN002,上海世茂股份有限公司,2023-05-08,违约,7.088,-,6.400,0.352,0.336,6.4,2023-05-06,2023-05-06,2024-05-06,"利息,本金",查看,中期票据,-,否,中外合资企业,房地产,上海,-
136,137.0,155406.0,19恒大01,恒大地产集团有限公司,2023-05-08,展期,159.405,-,150.000,9.405,-,150.0,2022-05-06,2022-05-06,2024-05-06,"利息,本金",查看,公司债,B,否,民营企业,房地产,广东,B
137,138.0,155407.0,19恒大02,恒大地产集团有限公司,2023-05-08,展期,48.281,-,48.281,-,-,50.0,2022-05-06,2022-05-06,2024-05-06,回售,查看,公司债,B,否,民营企业,房地产,广东,B
138,139.0,145783.0,H17时代2,广州市时代控股集团有限公司,2023-05-05,展期,12.533,-,10.726,-,1.807,10.73,2022-09-08,2022-09-08,2026-02-24,"利息,本金",查看,私募债,-,否,民营企业,房地产,广东,-
139,140.0,155454.0,H19时代4,广州市时代控股集团有限公司,2023-05-05,展期,未披露,-,-,-,-,5.0,2023-02-24,2023-02-24,2027-02-24,利息,查看,公司债,-,否,民营企业,房地产,广东,-
140,141.0,163141.0,H20时代1,广州市时代控股集团有限公司,2023-05-05,展期,未披露,-,-,-,-,5.75,2023-02-24,2023-02-24,2027-02-24,利息,查看,公司债,-,否,民营企业,房地产,广东,-
141,142.0,163315.0,H20时代4,广州市时代控股集团有限公司,2023-05-05,展期,未披露,-,-,-,-,9.5,2023-02-24,2023-02-24,2027-02-24,利息,查看,公司债,-,否,民营企业,房地产,广东,-
142,143.0,167340.0,H2时代10,广州市时代控股集团有限公司,2023-05-05,展期,未披露,-,-,-,-,4.5,2022-08-04,2023-02-24,2026-02-24,利息,查看,私募债,-,否,民营企业,房地产,广东,-
143,144.0,163316.0,H20时代5,广州市时代控股集团有限公司,2023-05-05,展期,未披露,-,-,-,-,15.5,2023-02-24,2023-02-24,2027-02-24,利息,查看,公司债,-,否,民营企业,房地产,广东,-
144,145.0,167463.0,H2时代12,广州市时代控股集团有限公司,2023-05-05,展期,未披露,-,-,-,-,9.9,2023-02-24,2023-02-24,2026-02-24,利息,查看,私募债,-,否,民营企业,房地产,广东,-
145,146.0,163571.0,H20时代7,广州市时代控股集团有限公司,2023-04-28,展期,未披露,-,-,-,-,25.0,2023-02-24,2023-02-24,2027-02-24,利息,查看,公司债,-,否,民营企业,房地产,广东,-
146,147.0,163722.0,H20时代9,广州市时代控股集团有限公司,2023-04-28,展期,未披露,-,-,-,-,16.0,2023-02-24,2023-02-24,2027-02-24,利息,查看,公司债,-,否,民营企业,房地产,广东,-
147,148.0,163761.0,H20融信1,融信(福建)投资集团有限公司,2023-04-24,展期,0.863,-,0.825,0.035,0.004,16.5,2022-07-27,2023-04-27,2023-05-27,"利息,本金",查看,公司债,AAA,否,民营企业,房地产,福建,AAA
148,149.0,168257.0,H正荣2优,正荣地产控股有限公司,2023-04-21,展期,1.389,-,1.373,-,0.016,1.37,2023-05-08,2023-05-08,2023-07-19,"利息,本金",查看,资产支持证券,AAA,否,民营企业,房地产,上海,AAA
149,150.0,149467.0,21恒大01,恒大地产集团有限公司,2023-04-21,展期,11.480,-,-,11.480,-,82.0,2022-04-27,2022-04-27,2024-04-27,利息,查看,公司债,B,否,民营企业,房地产,广东,B
150,151.0,155831.0,H19茂03,上海世茂建设有限公司,2023-04-20,展期,7.208,-,6.170,-,1.038,9.0,2022-11-11,2022-11-11,2027-09-15,"利息,回售",查看,公司债,AA+,否,外资企业,房地产,上海,AA+
151,152.0,163346.0,H20世02,上海世茂建设有限公司,2023-04-20,展期,未披露,-,-,-,-,17.0,2023-03-15,2023-03-15,2027-09-15,利息,查看,公司债,AA+,否,外资企业,房地产,上海,AA+
152,153.0,149258.0,20恒大05,恒大地产集团有限公司,2023-04-19,展期,1.218,-,-,1.218,-,21.0,2022-10-19,2022-10-19,2024-04-19,利息,查看,公司债,B,否,民营企业,房地产,广东,B
153,154.0,122496.0,H15世茂2,上海世茂建设有限公司,2023-04-18,展期,6.225,-,5.342,-,0.883,5.34,2022-10-16,2022-10-16,2027-09-15,"利息,本金",查看,公司债,AA+,否,外资企业,房地产,上海,AA+
154,155.0,163142.0,H20时代2,广州市时代控股集团有限公司,2023-04-14,展期,未披露,-,-,-,-,7.4,2023-02-24,2023-02-24,2027-02-24,利息,查看,公司债,-,否,民营企业,房地产,广东,-
155,156.0,149129.0,H0金科03,金科地产集团股份有限公司,2023-04-13,违约,0.652,-,0.625,0.023,0.004,10.0,2022-05-28,2023-02-28,2023-04-12,"利息,本金",查看,公司债,AAA,否,民营企业,房地产,重庆,-
156,157.0,137102.0,20华夏EB,华夏幸福基业控股股份公司,2023-03-27,展期,31.397,-,24.000,5.544,1.853,2.0,2023-03-26,2023-03-26,2024-03-26,"利息,本金",查看,可交换债券,-,否,民营企业,房地产,河北,-
157,158.0,102100601.0,21金科地产MTN001,金科地产集团股份有限公司,2023-03-22,展期,未披露,-,-,-,-,5.0,2023-02-01,2023-02-01,2026-03-01,利息,查看,中期票据,AAA,否,民营企业,房地产,重庆,AAA
158,159.0,155304.0,19禹洲01,厦门禹洲鸿图地产开发有限公司,2023-03-21,展期,未披露,-,-,-,-,20.0,2023-04-03,2023-04-03,2023-05-19,回售,查看,公司债,AA,否,中外合资企业,房地产,福建,AA+
159,160.0,166419.0,H0融侨F1,融侨集团股份有限公司,2023-03-20,展期,2.221,-,2.000,0.091,0.130,2.0,2023-03-26,2023-03-26,2024-03-26,"利息,本金",查看,私募债,AA+,否,中外合资企业,房地产,福建,AA+
160,161.0,12103505.0,21金科地产SCP003,金科地产集团股份有限公司,2023-03-20,展期,11.044,-,9.000,-,2.044,10.0,2022-06-20,2022-06-20,2026-03-01,"利息,本金",查看,超短期融资券,-,否,民营企业,房地产,重庆,-
161,162.0,114569.0,H9中金03,中天金融集团股份有限公司,2023-03-16,展期,1.629,-,-,1.629,-,19.17,2022-09-18,2022-09-18,2023-09-18,利息,查看,私募债,-,否,民营企业,房地产,贵州,AA
162,163.0,155391.0,H19世茂3,上海世茂股份有限公司,2023-03-08,展期,5.797,-,5.000,-,0.797,4.75,2022-05-22,2022-05-22,2026-12-28,"利息,本金",查看,公司债,-,否,中外合资企业,房地产,上海,-
163,164.0,163644.0,H20世茂2,上海世茂股份有限公司,2023-03-07,展期,11.396,-,10.000,-,1.396,9.5,2022-07-07,2022-07-07,2026-12-28,本金,查看,公司债,-,否,中外合资企业,房地产,上海,-
164,165.0,163216.0,H20世茂1,上海世茂股份有限公司,2023-03-07,展期,22.198,-,20.000,-,2.198,20.0,2022-12-28,2023-03-05,2026-12-28,本金,查看,公司债,-,否,中外合资企业,房地产,上海,-
165,166.0,175192.0,H20世茂4,上海世茂股份有限公司,2023-03-07,展期,6.166,-,5.000,0.445,0.721,5.0,2022-09-24,2022-09-24,2026-12-28,"利息,本金",查看,公司债,-,否,中外合资企业,房地产,上海,-
166,167.0,102000348.0,20中天金融MTN001,中天金融集团股份有限公司,2023-03-06,展期,18.963,-,15.000,1.125,2.838,15.0,2023-03-12,2023-03-12,2028-03-12,"利息,本金",查看,中期票据,AA,否,民营企业,房地产,贵州,AA
167,168.0,102100448.0,21沪世茂MTN001,上海世茂股份有限公司,2023-03-03,违约,0.500,0.167,-,0.500,-,9.7,2023-03-16,2023-03-16,2023-08-30,利息,查看,中期票据,-,否,中外合资企业,房地产,上海,-
168,169.0,114551.0,H9融投02,融信(福建)投资集团有限公司,2023-02-27,部分兑付,0.770,0.174,-,0.770,-,10.0,2022-08-26,2022-08-26,2023-05-10,利息,查看,私募债,AAA,否,民营企业,房地产,福建,AAA
169,170.0,189317.0,H融侨次,融侨集团股份有限公司,2023-02-22,展期,0.700,-,0.700,-,-,0.7,2023-05-31,2023-05-31,2025-05-31,本金,查看,资产支持证券,-,否,中外合资企业,房地产,福建,AA+
170,171.0,189316.0,H21融侨B,融侨集团股份有限公司,2023-02-22,展期,6.042,-,2.800,2.800,0.442,2.8,2023-02-28,2023-02-28,2025-05-31,"利息,本金",查看,资产支持证券,AA+,否,中外合资企业,房地产,福建,AA+
171,172.0,189315.0,H21融侨A,融侨集团股份有限公司,2023-02-22,展期,8.700,-,8.700,-,-,8.7,2023-02-28,2023-02-28,2025-05-31,"利息,本金",查看,资产支持证券,AA+,否,中外合资企业,房地产,福建,AA+
172,173.0,102000371.0,20佳源创盛MTN003,佳源创盛控股集团有限公司,2023-02-22,违约,6.601,-,5.000,0.400,1.201,5.0,2023-03-16,2023-03-16,2026-03-16,"利息,本金",查看,中期票据,AA+,否,民营企业,房地产,浙江,AA+
173,174.0,102001416.0,20荣盛地产MTN001,荣盛房地产发展股份有限公司,2023-02-21,部分兑付,0.671,0.201,-,0.671,-,9.3,2022-07-23,2023-08-23,2024-07-23,利息,查看,中期票据,-,否,民营企业,房地产,河北,-
174,175.0,163188.0,H20奥园1,奥园集团有限公司,2023-02-16,展期,25.633,-,-,25.400,0.233,25.4,2023-03-30,2023-03-30,2023-05-30,利息,查看,公司债,A,否,中外合资企业,房地产,广东,A
175,176.0,102001416.0,20荣盛地产MTN001,荣盛房地产发展股份有限公司,2023-02-15,展期,11.172,-,9.400,-,1.772,10.0,2022-07-23,2022-07-23,2025-04-23,"回售,赎回",查看,中期票据,-,否,民营企业,房地产,河北,-
176,177.0,102001469.0,20荣盛地产MTN002,荣盛房地产发展股份有限公司,2023-02-10,部分兑付,0.748,0.150,-,0.748,-,10.42,2022-08-06,2023-09-06,2024-08-06,利息,查看,中期票据,AAA,否,民营企业,房地产,河北,AAA
177,178.0,102000122.0,20佳源创盛MTN002,佳源创盛控股集团有限公司,2023-02-07,违约,6.601,-,5.000,0.400,1.201,5.0,2023-02-18,2023-02-18,2026-02-18,"利息,本金",查看,中期票据,AA+,否,民营企业,房地产,浙江,AA+
178,179.0,136361.0,H16富力5,广州富力地产股份有限公司,2023-02-03,展期,0.665,-,-,0.665,-,9.5,2022-09-16,2022-09-16,2026-09-16,利息,查看,公司债,-,否,中外合资企业,房地产,广东,-
179,180.0,102001469.0,20荣盛地产MTN002,荣盛房地产发展股份有限公司,2023-02-03,展期,12.119,-,10.528,-,1.591,10.53,2022-08-06,2023-02-06,2025-05-06,回售,查看,中期票据,AAA,否,民营企业,房地产,河北,AAA
180,181.0,163911.0,H20奥园2,奥园集团有限公司,2023-02-02,展期,0.067,-,-,0.067,-,11.8,2022-08-06,2023-08-06,2023-08-06,利息,查看,公司债,A,否,中外合资企业,房地产,广东,A
181,182.0,149371.0,H1金科01,金科地产集团股份有限公司,2023-01-30,展期,0.465,-,-,0.465,-,7.5,2023-01-31,2023-01-31,2026-12-31,利息,查看,公司债,AAA,否,民营企业,房地产,重庆,AAA
182,183.0,12105496.0,21金科地产SCP004,金科地产集团股份有限公司,2023-01-18,展期,9.633,-,8.000,-,1.633,8.0,2022-09-19,2022-09-19,2026-03-01,"利息,本金",查看,超短期融资券,-,否,民营企业,房地产,重庆,-
183,184.0,175447.0,H20花样2,花样年集团(中国)有限公司,2023-01-09,展期,18.240,-,15.030,2.083,1.127,15.43,2021-11-25,2021-11-25,2023-11-25,"利息,回售",查看,公司债,BBB-,否,民营企业,房地产,广东,BBB-
184,185.0,159114.0,H19融创B,南昌万达城投资有限公司,2023-01-09,展期,未披露,-,-,-,-,4.0,2022-10-28,2022-10-28,2023-10-30,利息,查看,资产支持证券,AAA,否,民营企业,房地产,江西,-
185,186.0,135548.0,H融创05,融创房地产集团有限公司,2023-01-06,展期,18.398,-,14.400,1.000,2.998,14.4,2022-06-13,2022-06-13,2025-12-09,"利息,本金",查看,私募债,AAA,否,民营企业,房地产,天津,AAA
186,187.0,114821.0,H0融创03,融创房地产集团有限公司,2023-01-06,展期,未披露,-,-,-,-,13.0,2022-09-11,2022-12-09,2025-12-09,利息,查看,私募债,AAA,否,民营企业,房地产,天津,AAA
187,188.0,133033.0,H1融创04,融创房地产集团有限公司,2023-01-06,展期,未披露,-,-,-,-,6.0,2022-12-09,2022-12-09,2026-12-09,利息,查看,私募债,AAA,否,民营企业,房地产,天津,AAA
188,189.0,118470.0,H6融地01,融创房地产集团有限公司,2023-01-06,违约,未披露,-,-,-,-,4.35,2022-12-09,2022-12-09,2026-12-09,利息,查看,私募债,AAA,否,民营企业,房地产,天津,AAA
189,190.0,149436.0,H1融创03,融创房地产集团有限公司,2023-01-05,展期,未披露,-,-,-,-,20.0,2022-12-09,2022-12-09,2026-12-09,利息,查看,公司债,AAA,否,民营企业,房地产,天津,AAA
190,191.0,163376.0,HPR融创1,融创房地产集团有限公司,2023-01-05,展期,未披露,-,-,-,-,30.0,2022-12-09,2022-12-09,2025-12-09,利息,查看,公司债,AAA,否,民营企业,房地产,天津,AAA
191,192.0,102000019.0,20佳源创盛MTN001,佳源创盛控股集团有限公司,2023-01-05,违约,5.281,-,4.000,0.320,0.961,4.0,2023-01-09,2023-01-09,2026-01-09,"利息,本金",查看,中期票据,AA+,否,民营企业,房地产,浙江,AA+
192,193.0,163377.0,H20融创2,融创房地产集团有限公司,2023-01-05,展期,未披露,-,-,-,-,33.0,2022-12-09,2022-12-09,2026-12-09,利息,查看,公司债,AAA,否,民营企业,房地产,天津,AAA
193,194.0,136624.0,H融创07,融创房地产集团有限公司,2023-01-05,展期,未披露,-,-,-,-,20.94,2022-08-16,2022-12-09,2025-12-09,利息,查看,公司债,AAA,否,民营企业,房地产,天津,AAA
194,195.0,149350.0,H1融创01,融创房地产集团有限公司,2023-01-05,展期,未披露,-,-,-,-,15.8,2022-12-09,2022-12-09,2026-12-09,利息,查看,公司债,AAA,否,民营企业,房地产,天津,AAA
195,196.0,189096.0,龙控08次,深圳市龙光控股有限公司,2022-12-28,展期,0.440,-,0.440,-,-,0.44,2023-05-25,2023-05-25,2025-11-10,本金,查看,资产支持证券,-,否,外资企业,房地产,广东,-
196,197.0,149428.0,H1龙控01,深圳市龙光控股有限公司,2022-12-28,展期,4.492,-,4.270,-,0.222,4.16,2023-12-10,2023-12-10,2026-11-10,"利息,本金",查看,公司债,AAA,否,外资企业,房地产,广东,AAA
197,198.0,119424.0,17勒泰A2,石家庄勒泰房地产开发有限公司,2022-12-28,部分兑付,未披露,-,-,-,-,21.0,2022-12-31,2022-12-31,2023-06-30,利息,查看,资产支持证券,-,否,外资企业,房地产,河北,-
198,199.0,189761.0,HPR龙控9,深圳市龙光控股有限公司,2022-12-28,展期,6.992,-,6.992,-,-,6.99,2022-07-08,2023-07-20,2026-08-10,"利息,本金",查看,资产支持证券,-,否,外资企业,房地产,广东,-
199,200.0,114531.0,H9龙控02,深圳市龙光控股有限公司,2022-12-28,展期,未披露,-,-,-,-,4.75,2022-08-05,2022-08-05,2025-11-10,"利息,回售",查看,私募债,-,否,外资企业,房地产,广东,-
200,201.0,119423.0,17勒泰A1,石家庄勒泰房地产开发有限公司,2022-12-28,展期,未披露,-,-,-,-,10.0,2022-12-31,2022-12-31,2023-06-30,利息,查看,资产支持证券,-,否,外资企业,房地产,河北,-
201,202.0,189095.0,HPR龙控8,深圳市龙光控股有限公司,2022-12-28,展期,未披露,-,-,-,-,7.45,2022-11-10,2022-11-10,2025-11-10,"利息,本金",查看,资产支持证券,-,否,外资企业,房地产,广东,-
202,203.0,122393.0,15恒大03,恒大地产集团有限公司,2022-12-28,展期,93.447,-,82.000,5.724,5.724,82.0,2022-07-08,2022-07-08,2023-07-08,"利息,本金",查看,公司债,B,否,民营企业,房地产,广东,B
203,204.0,114532.0,H9龙控03,深圳市龙光控股有限公司,2022-12-28,展期,未披露,-,-,-,-,1.05,2022-11-10,2022-11-10,2026-11-10,利息,查看,私募债,-,否,外资企业,房地产,广东,-
204,205.0,175613.0,H21宝龙1,上海宝龙实业发展(集团)有限公司,2022-12-26,展期,6.987,-,6.580,-,0.407,9.5,2023-01-11,2023-01-11,2024-01-11,回售,查看,公司债,-,否,中外合资企业,房地产,上海,-
205,206.0,102000028.0,20沪世茂MTN001,上海世茂股份有限公司,2022-12-26,违约,5.405,0.319,5.000,0.206,0.199,5.0,2023-01-09,2023-01-09,2024-01-09,"利息,本金",查看,中期票据,-,否,中外合资企业,房地产,上海,-
206,207.0,114551.0,H9融投02,融信(福建)投资集团有限公司,2022-12-22,展期,0.770,-,-,0.770,-,10.0,2022-08-26,2022-08-26,2023-02-28,利息,查看,私募债,AAA,否,民营企业,房地产,福建,AAA
207,208.0,159113.0,HPR融创A,南昌万达城投资有限公司,2022-12-22,展期,1.262,-,1.218,-,0.044,12.45,2022-10-28,2022-10-28,2023-10-30,"利息,本金",查看,资产支持证券,AAA,否,民营企业,房地产,江西,-
208,209.0,163644.0,H20世茂2,上海世茂股份有限公司,2022-12-22,展期,未披露,-,-,-,-,9.5,2022-07-07,2022-12-28,2026-12-28,利息,查看,公司债,-,否,中外合资企业,房地产,上海,-
209,210.0,163216.0,H20世茂1,上海世茂股份有限公司,2022-12-22,展期,未披露,-,-,-,-,20.0,2022-12-28,2022-12-28,2026-12-28,利息,查看,公司债,-,否,中外合资企业,房地产,上海,-
210,211.0,175077.0,H20世茂3,上海世茂股份有限公司,2022-12-22,展期,6.105,-,5.000,0.395,0.710,5.0,2022-09-01,2022-09-01,2026-12-28,"利息,本金",查看,公司债,-,否,中外合资企业,房地产,上海,-
211,212.0,12105496.0,21金科地产SCP004,金科地产集团股份有限公司,2022-12-20,违约,0.402,-,-,0.402,-,8.0,2022-09-19,2022-09-19,2023-06-16,利息,查看,超短期融资券,-,否,民营企业,房地产,重庆,-
212,213.0,135468.0,H16富力6,广州富力地产股份有限公司,2022-12-20,部分兑付,未披露,0.682,-,-,-,9.95,2022-05-16,2022-05-16,2025-09-16,"利息,本金",查看,私募债,-,否,中外合资企业,房地产,广东,-
213,214.0,163012.0,H龙控04,深圳市龙光控股有限公司,2022-12-15,展期,未披露,-,-,-,-,20.0,2022-11-10,2022-11-10,2026-11-10,利息,查看,公司债,-,否,外资企业,房地产,广东,-
214,215.0,163100.0,H龙控01,深圳市龙光控股有限公司,2022-12-15,展期,未披露,-,-,-,-,10.0,2022-11-10,2022-11-10,2026-11-10,利息,查看,公司债,-,否,外资企业,房地产,广东,-
215,216.0,163625.0,H龙控03,深圳市龙光控股有限公司,2022-12-14,部分兑付,未披露,-,-,-,-,20.0,2022-11-10,2022-11-10,2026-11-10,利息,查看,公司债,-,否,外资企业,房地产,广东,-
216,217.0,112801.0,H8龙控05,深圳市龙光控股有限公司,2022-12-13,部分兑付,28.802,-,24.900,-,3.902,24.9,2022-11-10,2022-11-10,2026-11-10,"利息,本金",查看,公司债,-,否,外资企业,房地产,广东,-
217,218.0,136226.0,21奥创B,奥园集团有限公司,2022-12-08,展期,0.400,-,0.400,-,-,0.4,2023-07-20,2023-07-20,2023-12-08,本金,查看,资产支持证券,-,否,中外合资企业,房地产,广东,A
218,219.0,136225.0,H21奥创A,奥园集团有限公司,2022-12-08,展期,7.289,-,7.100,-,0.189,7.1,2023-05-30,2023-07-20,2023-12-08,"利息,本金",查看,资产支持证券,A,否,中外合资企业,房地产,广东,A
219,220.0,175090.0,H龙债04,深圳市龙光控股有限公司,2022-12-08,展期,未披露,-,-,-,-,20.0,2022-11-10,2022-11-10,2026-11-10,利息,查看,公司债,-,否,外资企业,房地产,广东,-
220,221.0,150211.0,H龙控02,深圳市龙光控股有限公司,2022-12-07,展期,未披露,-,-,-,-,14.79,2022-03-22,2022-11-10,2025-11-10,利息,查看,私募债,-,否,外资企业,房地产,广东,-
221,222.0,137431.0,H金优01,金科地产集团股份有限公司,2022-12-06,展期,1.062,-,1.050,-,0.012,9.98,2022-10-08,2022-12-08,2023-04-08,"利息,本金",查看,资产支持证券,AAA,否,民营企业,房地产,重庆,AAA
222,223.0,137432.0,金科次01,金科地产集团股份有限公司,2022-12-06,展期,未披露,-,-,-,-,0.6,2022-12-08,2022-12-08,2023-04-08,本金,查看,资产支持证券,-,否,民营企业,房地产,重庆,AAA
223,224.0,102002275.0,20荣盛地产MTN003,荣盛房地产发展股份有限公司,2022-12-02,展期,0.994,-,-,0.994,-,13.8,2022-12-10,2022-12-10,2024-12-10,"利息,回售",查看,中期票据,AAA,否,民营企业,房地产,河北,AAA
224,225.0,112924.0,H9金科03,金科地产集团股份有限公司,2022-11-29,展期,6.641,-,6.265,-,0.376,6.27,2022-07-08,2022-07-08,2023-07-08,本金,查看,公司债,AAA,否,民营企业,房地产,重庆,-
225,226.0,114634.0,H9中金05,中天金融集团股份有限公司,2022-11-25,展期,14.595,-,10.830,0.921,2.845,10.83,2022-12-13,2022-12-13,2027-12-13,"利息,本金",查看,私募债,-,否,民营企业,房地产,贵州,AA
226,227.0,175616.0,H21鑫苑1,鑫苑(中国)置业有限公司,2022-11-25,展期,0.418,-,-,0.418,-,5.0,2023-01-07,2023-01-07,2023-07-07,利息,查看,公司债,AA,否,民营企业,房地产,河南,AA
227,228.0,175447.0,H20花样2,花样年集团(中国)有限公司,2022-11-24,展期,17.206,-,15.030,2.083,0.093,15.43,2021-11-25,2021-11-25,2022-12-25,"利息,回售",查看,公司债,BBB-,否,民营企业,房地产,广东,BBB-
228,229.0,138750.0,20奥创2B,奥园集团有限公司,2022-11-22,展期,0.860,-,0.860,-,-,0.86,2022-11-22,2022-11-22,2023-11-22,"利息,本金",查看,资产支持证券,-,否,中外合资企业,房地产,广东,A
229,230.0,138749.0,H20奥创A,奥园集团有限公司,2022-11-22,展期,7.917,-,7.300,-,0.617,7.3,2022-05-20,2022-05-20,2023-11-22,"利息,本金",查看,资产支持证券,A,否,中外合资企业,房地产,广东,A
230,231.0,112801.0,H8龙控05,深圳市龙光控股有限公司,2022-11-21,展期,28.802,-,24.900,-,3.902,24.9,2022-11-10,2022-11-10,2026-11-10,"利息,本金",查看,公司债,-,否,外资企业,房地产,广东,-
231,232.0,149129.0,H0金科03,金科地产集团股份有限公司,2022-11-18,展期,0.654,-,0.625,-,0.029,12.5,2022-05-28,2022-05-28,2023-04-28,回售,查看,公司债,AAA,否,民营企业,房地产,重庆,-
232,233.0,188420.0,H21正荣1,正荣地产控股有限公司,2022-11-18,部分兑付,0.944,0.125,-,0.944,-,13.2,2022-07-23,2022-07-23,2023-07-23,利息,查看,公司债,-,否,民营企业,房地产,上海,-
233,234.0,32000985.0,20荣盛地产PPN001,荣盛房地产发展股份有限公司,2022-11-17,展期,0.375,-,-,0.375,-,5.0,2022-11-18,2022-11-18,2024-11-18,利息,查看,定向工具PPN,-,否,民营企业,房地产,河北,AAA
234,235.0,155106.0,H18富力1,广州富力地产股份有限公司,2022-11-17,展期,2.975,-,-,2.975,-,42.39,2023-09-16,2023-09-16,2024-09-16,利息,查看,公司债,AA+,否,中外合资企业,房地产,广东,AA+
235,236.0,175354.0,H20融侨2,融侨集团股份有限公司,2022-11-10,展期,8.620,-,7.715,0.381,0.525,8.0,2022-11-18,2022-11-18,2023-11-18,"利息,回售",查看,公司债,AA+,否,中外合资企业,房地产,福建,AA+
236,237.0,175097.0,H20正荣3,正荣地产控股有限公司,2022-11-07,部分兑付,9.159,0.043,8.687,-,0.472,10.0,2022-09-14,2022-09-14,2023-09-14,回售,查看,公司债,-,否,民营企业,房地产,上海,-
237,238.0,175387.0,H20鑫苑1,鑫苑(中国)置业有限公司,2022-11-02,展期,0.752,-,-,0.752,-,9.0,2022-11-13,2022-11-13,2023-05-13,利息,查看,公司债,AA,否,民营企业,房地产,河南,AA
238,239.0,155406.0,19恒大01,恒大地产集团有限公司,2022-11-01,展期,9.405,-,-,9.405,-,150.0,2022-05-06,2022-05-06,2023-05-06,利息,查看,公司债,B,否,民营企业,房地产,广东,B
239,240.0,155407.0,19恒大02,恒大地产集团有限公司,2022-11-01,展期,48.281,-,48.281,-,-,50.0,2022-05-06,2022-05-06,2023-05-06,回售,查看,公司债,B,否,民营企业,房地产,广东,B
240,241.0,175023.0,H20融信3,融信(福建)投资集团有限公司,2022-10-25,部分兑付,0.705,0.113,-,0.705,-,13.0,2022-08-19,2022-08-19,2023-04-30,利息,查看,公司债,AAA,否,民营企业,房地产,福建,AAA
241,242.0,82000444.0,20阳光城ABN001优先B,阳光城集团股份有限公司,2022-10-25,展期,0.126,-,0.040,0.086,-,2.54,2022-10-27,2022-10-27,2023-04-27,"利息,本金",查看,资产支持票据,BB,否,民营企业,房地产,福建,BB
242,243.0,82000443.0,20阳光城ABN001优先A,阳光城集团股份有限公司,2022-10-25,展期,0.042,-,0.042,-,-,3.09,2022-10-27,2022-10-27,2023-04-27,本金,查看,资产支持票据,BB+,否,民营企业,房地产,福建,BB
243,244.0,155832.0,H19世茂4,上海世茂建设有限公司,2022-10-24,展期,未披露,-,-,-,-,10.0,2022-11-11,2022-11-11,2024-06-15,利息,查看,公司债,AA+,否,外资企业,房地产,上海,AA+
244,245.0,32000416.0,20沪世茂PPN002,上海世茂股份有限公司,2022-10-24,展期,3.435,-,3.188,-,0.248,5.0,2022-04-26,2022-04-26,2023-12-26,回售,查看,定向工具PPN,AAA,否,中外合资企业,房地产,上海,-
245,246.0,155831.0,H19茂03,上海世茂建设有限公司,2022-10-22,展期,10.162,-,9.000,0.387,0.775,9.0,2022-11-11,2022-11-11,2024-11-11,"利息,本金",查看,公司债,AA+,否,外资企业,房地产,上海,AA+
246,247.0,149467.0,21恒大01,恒大地产集团有限公司,2022-10-21,展期,5.740,-,-,5.740,-,82.0,2022-04-27,2022-04-27,2023-04-27,利息,查看,公司债,B,否,民营企业,房地产,广东,B
247,248.0,150390.0,H18俊发1,俊发集团有限公司,2022-10-17,展期,24.804,-,20.000,1.600,3.204,20.0,2022-10-22,2022-10-22,2024-10-22,"利息,本金",查看,私募债,-,否,外资企业,房地产,云南,-
248,249.0,32000985.0,20荣盛地产PPN001,荣盛房地产发展股份有限公司,2022-10-12,展期,未披露,-,-,-,-,5.0,2022-11-18,2022-11-18,-,回售,查看,定向工具PPN,-,否,民营企业,房地产,河北,AAA
249,250.0,136360.0,H16富力4,广州富力地产股份有限公司,2022-10-12,展期,21.657,-,18.038,-,3.620,19.5,2022-04-07,2022-04-07,2025-09-16,"利息,本金",查看,公司债,-,否,中外合资企业,房地产,广东,-
250,251.0,155405.0,H19富力2,广州富力地产股份有限公司,2022-10-11,展期,未披露,-,-,-,-,3.8,2023-09-16,2023-09-16,2024-09-16,利息,查看,公司债,AA+,否,中外合资企业,房地产,广东,AA+
251,252.0,149258.0,20恒大05,恒大地产集团有限公司,2022-10-11,展期,1.218,-,-,1.218,-,21.0,2022-10-19,2022-10-19,2023-04-19,利息,查看,公司债,B,否,民营企业,房地产,广东,B
252,253.0,101901406.0,19沪世茂MTN001,上海世茂股份有限公司,2022-10-11,部分兑付,0.424,0.283,-,0.424,-,10.0,2022-10-21,2022-10-21,2022-12-30,利息,查看,中期票据,-,否,中外合资企业,房地产,上海,-
253,254.0,114551.0,H9融投02,融信(福建)投资集团有限公司,2022-10-10,展期,11.521,-,10.000,0.770,0.751,10.0,2022-08-26,2022-08-26,2023-08-26,"利息,回售",查看,私募债,AAA,否,民营企业,房地产,福建,AAA
254,255.0,168299.0,H时粤1次,广州市时代控股集团有限公司,2022-10-09,展期,0.280,-,0.280,-,-,0.28,2023-04-20,2023-04-20,2026-02-24,本金,查看,资产支持证券,-,否,民营企业,房地产,广东,-
255,256.0,168298.0,H时粤1优,广州市时代控股集团有限公司,2022-10-09,展期,5.212,-,4.940,-,0.272,5.07,2023-02-24,2023-04-20,2024-03-30,本金,查看,资产支持证券,-,否,民营企业,房地产,广东,-
256,257.0,155061.0,H18富力8,广州富力地产股份有限公司,2022-10-08,展期,3.089,-,-,3.089,-,39.6,2023-09-16,2023-09-16,2024-09-16,利息,查看,公司债,AA+,否,中外合资企业,房地产,广东,AA+
257,258.0,149247.0,20恒大04,恒大地产集团有限公司,2022-09-19,违约,4.640,-,-,4.640,-,40.0,2021-09-23,2021-09-23,2023-03-23,利息,查看,公司债,-,否,民营企业,房地产,广东,-
258,259.0,122496.0,H15世茂2,上海世茂建设有限公司,2022-09-19,展期,5.804,-,5.342,0.018,0.444,5.34,2022-10-16,2022-10-16,2024-10-16,"利息,本金",查看,公司债,AA+,否,外资企业,房地产,上海,AA+
259,260.0,12105496.0,21金科地产SCP004,金科地产集团股份有限公司,2022-09-14,违约,8.805,-,8.000,0.402,0.402,8.0,2022-09-19,2022-09-19,2023-06-16,"利息,本金",查看,超短期融资券,-,否,民营企业,房地产,重庆,-
260,261.0,155688.0,H奥园02,奥园集团有限公司,2022-09-13,部分兑付,0.792,0.099,-,0.792,-,15.0,2022-09-03,2022-09-03,2023-09-03,利息,查看,公司债,A,否,中外合资企业,房地产,广东,A
261,262.0,114569.0,H9中金03,中天金融集团股份有限公司,2022-09-09,展期,25.835,-,19.170,1.629,5.036,19.17,2022-09-18,2022-09-18,2027-09-18,"利息,本金",查看,私募债,-,否,民营企业,房地产,贵州,AA
262,263.0,175108.0,H20花样1,花样年集团(中国)有限公司,2022-09-07,展期,27.612,-,23.941,1.875,1.796,25.0,2022-09-08,2022-09-08,2023-09-08,"利息,回售",查看,公司债,BBB-,否,民营企业,房地产,广东,BBB-
263,264.0,175192.0,H20世茂4,上海世茂股份有限公司,2022-09-07,展期,5.592,-,5.000,0.197,0.395,5.0,2022-09-24,2022-09-24,2024-09-24,"利息,本金",查看,公司债,-,否,中外合资企业,房地产,上海,-
264,265.0,145783.0,H17时代2,广州市时代控股集团有限公司,2022-09-07,展期,11.579,-,10.725,-,0.854,10.73,2022-09-08,2022-09-08,2024-03-08,本金,查看,私募债,-,否,民营企业,房地产,广东,-
265,266.0,155688.0,H奥园02,奥园集团有限公司,2022-09-06,已全部兑付,0.099,0.099,-,0.099,-,15.0,2022-09-03,2022-09-03,2022-12-03,利息,查看,公司债,A,否,中外合资企业,房地产,广东,A
266,267.0,114821.0,H0融创03,融创房地产集团有限公司,2022-09-05,展期,0.842,-,-,0.842,-,13.0,2022-09-11,2022-09-11,2024-09-11,"利息,回售",查看,私募债,AAA,否,民营企业,房地产,天津,AAA
267,268.0,155688.0,H奥园02,奥园集团有限公司,2022-09-02,部分兑付,0.099,0.099,-,0.099,-,15.0,2022-09-03,2022-09-03,2023-09-03,"利息,回售",查看,公司债,A,否,中外合资企业,房地产,广东,A
268,269.0,167596.0,H20禹洲2,厦门禹洲鸿图地产开发有限公司,2022-09-02,部分兑付,未披露,-,-,-,-,15.0,2022-09-15,2022-09-15,2023-09-15,回售,查看,私募债,AA+,否,中外合资企业,房地产,福建,AA+
269,270.0,112924.0,H9金科03,金科地产集团股份有限公司,2022-09-02,展期,6.619,-,6.265,-,0.353,6.27,2022-07-08,2022-07-08,2023-07-08,本金,查看,公司债,AAA,否,民营企业,房地产,重庆,-
270,271.0,188420.0,H21正荣1,正荣地产控股有限公司,2022-08-26,部分兑付,未披露,-,-,-,-,13.2,2022-07-23,2022-07-23,2026-01-23,利息,查看,公司债,-,否,民营企业,房地产,上海,-
271,272.0,167312.0,H20禹洲1,厦门禹洲鸿图地产开发有限公司,2022-08-23,展期,15.388,-,14.555,-,0.833,15.0,2022-07-24,2022-07-24,2023-07-24,回售,查看,私募债,AA,否,中外合资企业,房地产,福建,AA+
272,273.0,155688.0,H奥园02,奥园集团有限公司,2022-08-19,展期,0.891,-,-,0.891,-,15.0,2022-09-03,2022-09-03,2023-09-03,"利息,回售",查看,公司债,A,否,中外合资企业,房地产,广东,A
273,274.0,102001614.0,20金科地产MTN002,金科地产集团股份有限公司,2022-08-16,违约,10.352,-,9.900,-,0.452,10.0,2022-08-25,2022-08-25,2023-08-25,回售,查看,中期票据,-,否,民营企业,房地产,重庆,-
274,275.0,151984.0,H佳源03,佳源创盛控股集团有限公司,2022-08-16,违约,6.966,-,6.450,-,0.516,6.45,2022-08-19,2022-08-19,2023-08-19,本金,查看,私募债,-,否,民营企业,房地产,浙江,AA+
275,276.0,151766.0,H19宝龙2,上海宝龙实业发展(集团)有限公司,2022-08-15,部分兑付,6.391,0.300,6.000,-,0.391,6.0,2022-07-15,2022-07-15,2023-07-15,本金,查看,私募债,-,否,中外合资企业,房地产,上海,-
276,277.0,102001657.0,20宝龙MTN001,上海宝龙实业发展(集团)有限公司,2022-08-15,展期,10.010,-,9.520,-,0.490,10.0,2022-08-27,2022-08-27,2023-08-27,回售,查看,中期票据,-,否,中外合资企业,房地产,上海,-
277,278.0,175077.0,H20世茂3,上海世茂股份有限公司,2022-08-12,部分兑付,5.599,0.133,5.000,0.200,0.400,5.0,2022-09-01,2022-09-01,2024-09-01,"利息,本金",查看,公司债,-,否,中外合资企业,房地产,上海,-
278,279.0,136624.0,H融创07,融创房地产集团有限公司,2022-08-11,展期,7.541,-,5.773,1.139,0.629,20.94,2022-08-16,2022-08-16,2024-08-16,"利息,回售",查看,公司债,AAA,否,民营企业,房地产,天津,AAA
279,280.0,175049.0,H20世茂6,上海世茂建设有限公司,2022-08-08,展期,1.053,-,-,1.053,-,27.0,2022-08-27,2022-08-27,2023-08-27,利息,查看,公司债,AA+,否,外资企业,房地产,上海,AA+
280,281.0,175023.0,H20融信3,融信(福建)投资集团有限公司,2022-08-03,部分兑付,11.359,0.113,10.120,0.705,0.535,13.0,2022-08-19,2022-08-19,2023-08-19,"利息,回售",查看,公司债,AAA,否,民营企业,房地产,福建,AAA
281,282.0,122475.0,H15亿达1,亿达发展有限公司,2022-08-03,展期,8.017,-,8.017,-,-,8.02,2020-09-25,2020-09-25,2021-09-25,本金,查看,公司债,-,否,民营企业,房地产,辽宁,-
282,283.0,114544.0,19中金01,中天金融集团股份有限公司,2022-07-28,展期,15.784,-,12.500,-,3.284,12.5,2022-08-16,2022-08-16,2027-08-16,本金,查看,私募债,-,否,民营企业,房地产,贵州,AA
283,284.0,114558.0,19中金02,中天金融集团股份有限公司,2022-07-28,展期,15.152,-,12.000,-,3.152,12.0,2022-08-28,2022-08-28,2027-08-28,本金,查看,私募债,-,否,民营企业,房地产,贵州,AA
284,285.0,102001441.0,20金科地产MTN001,金科地产集团股份有限公司,2022-07-27,违约,9.706,-,9.285,-,0.421,10.0,2022-07-30,2022-07-30,2023-07-30,回售,查看,中期票据,AAA,否,民营企业,房地产,重庆,-
285,286.0,163761.0,H20融信1,融信(福建)投资集团有限公司,2022-07-26,部分兑付,15.335,0.924,13.664,0.924,0.746,16.5,2022-07-27,2022-07-27,2023-07-27,"利息,回售",查看,公司债,AAA,否,民营企业,房地产,福建,AAA
286,287.0,149194.0,20宝龙04,上海宝龙实业发展(集团)有限公司,2022-07-25,部分兑付,未披露,1.500,-,-,-,9.5,2022-08-07,2022-08-07,2023-08-07,回售,查看,公司债,-,否,中外合资企业,房地产,上海,-
287,288.0,155557.0,H19当代1,当代节能置业股份有限公司,2022-07-22,展期,7.955,-,6.845,0.534,0.576,6.85,2022-07-30,2022-07-30,2023-07-30,"利息,本金",查看,公司债,BBB-,否,民营企业,房地产,北京,BBB-
288,289.0,102001469.0,20荣盛地产MTN002,荣盛房地产发展股份有限公司,2022-07-22,展期,未披露,-,-,-,-,11.2,2022-08-06,2022-08-06,2023-11-06,回售,查看,中期票据,AAA,否,民营企业,房地产,河北,AAA
289,290.0,102001416.0,20荣盛地产MTN001,荣盛房地产发展股份有限公司,2022-07-21,展期,未披露,-,-,-,-,10.0,2022-07-23,2022-07-23,2023-10-23,回售,查看,中期票据,-,否,民营企业,房地产,河北,-
290,291.0,114531.0,H9龙控02,深圳市龙光控股有限公司,2022-07-21,展期,未披露,-,-,-,-,4.75,2022-08-05,2022-08-05,2024-01-31,回售,查看,私募债,-,否,外资企业,房地产,广东,-
291,292.0,167043.0,H佳源02,佳源创盛控股集团有限公司,2022-07-18,违约,5.832,-,5.400,-,0.432,5.4,2022-07-16,2022-07-16,2023-07-16,本金,查看,私募债,-,否,民营企业,房地产,浙江,AA+
292,293.0,163911.0,H20奥园2,奥园集团有限公司,2022-07-18,部分兑付,0.600,0.067,-,0.600,-,11.8,2022-08-06,2022-08-06,2023-08-06,利息,查看,公司债,A,否,中外合资企业,房地产,广东,A
293,294.0,167340.0,H2时代10,广州市时代控股集团有限公司,2022-07-15,展期,未披露,-,-,-,-,4.5,2022-08-04,2022-08-04,-,回售,查看,私募债,-,否,民营企业,房地产,广东,-
294,295.0,167312.0,H20禹洲1,厦门禹洲鸿图地产开发有限公司,2022-07-15,展期,15.431,-,14.555,-,0.876,15.0,2022-07-24,2022-07-24,2023-07-24,回售,查看,私募债,AA,否,中外合资企业,房地产,福建,AA+
295,296.0,102001416.0,20荣盛地产MTN001,荣盛房地产发展股份有限公司,2022-07-14,展期,未披露,-,-,-,-,10.0,2022-07-23,2022-07-23,2023-10-23,回售,查看,中期票据,-,否,民营企业,房地产,河北,-
296,297.0,163729.0,H冠城01,冠城大通股份有限公司,2022-07-13,已全部兑付,17.559,17.300,17.300,-,0.259,17.3,2022-07-14,2022-07-14,2022-09-30,本金,查看,公司债,AA,否,中外合资企业,房地产,福建,AA
297,298.0,163782.0,H20正荣2,正荣地产控股有限公司,2022-07-13,部分兑付,1.150,0.009,-,1.150,-,10.0,2022-07-27,2022-07-27,2023-07-27,利息,查看,公司债,-,否,民营企业,房地产,上海,-
298,299.0,155500.0,H融信1,融信(福建)投资集团有限公司,2022-07-06,部分兑付,0.645,0.645,-,0.645,-,10.0,2022-07-03,2022-07-03,2022-07-05,利息,查看,公司债,AAA,否,民营企业,房地产,福建,AAA
299,300.0,155501.0,H融信2,融信(福建)投资集团有限公司,2022-07-06,部分兑付,0.780,0.780,-,0.780,-,11.5,2022-07-03,2022-07-03,2023-07-03,"利息,本金",查看,公司债,AAA,否,民营企业,房地产,福建,AAA
300,301.0,151766.0,H19宝龙2,上海宝龙实业发展(集团)有限公司,2022-07-06,展期,6.089,-,5.700,-,0.389,6.0,2022-07-15,2022-07-15,2023-07-15,本金,查看,私募债,-,否,中外合资企业,房地产,上海,-
301,302.0,155493.0,H19花样,花样年集团(中国)有限公司,2022-07-05,部分兑付,8.086,0.119,7.243,0.594,0.249,7.24,2022-07-05,2022-07-05,2022-12-05,"利息,本金",查看,公司债,BBB-,否,民营企业,房地产,广东,BBB-
302,303.0,155500.0,H融信1,融信(福建)投资集团有限公司,2022-07-03,展期,8.831,-,8.308,-,0.523,10.0,2022-07-03,2022-07-03,2023-07-03,回售,查看,公司债,AAA,否,民营企业,房地产,福建,AAA
303,304.0,136360.0,H16富力4,广州富力地产股份有限公司,2022-07-01,已全部兑付,1.487,1.463,1.463,-,0.024,19.5,2022-04-07,2022-04-07,2022-07-07,本金,查看,公司债,-,否,中外合资企业,房地产,广东,-
304,305.0,122393.0,15恒大03,恒大地产集团有限公司,2022-06-29,展期,90.609,-,82.000,5.724,2.885,82.0,2022-07-08,2022-07-08,2023-01-08,"利息,本金",查看,公司债,B,否,民营企业,房地产,广东,B
305,306.0,112924.0,H9金科03,金科地产集团股份有限公司,2022-06-23,展期,6.608,-,6.265,-,0.343,6.27,2022-07-08,2022-07-08,2023-07-08,本金,查看,公司债,AAA,否,民营企业,房地产,重庆,-
306,307.0,189761.0,HPR龙控9,深圳市龙光控股有限公司,2022-06-23,展期,7.458,-,7.458,-,-,7.46,2022-07-08,2022-07-08,2023-09-08,"利息,本金",查看,资产支持证券,-,否,外资企业,房地产,广东,-
307,308.0,163644.0,H20世茂2,上海世茂股份有限公司,2022-06-22,部分兑付,10.573,0.357,9.501,0.357,0.715,9.5,2022-07-07,2022-07-07,2024-07-07,"利息,本金",查看,公司债,-,否,中外合资企业,房地产,上海,-
308,309.0,188326.0,H21奥园,奥园集团有限公司,2022-06-20,部分兑付,2.153,0.124,-,2.153,-,18.2,2022-07-02,2022-07-02,2023-12-30,利息,查看,公司债,A,否,中外合资企业,房地产,广东,A
309,310.0,12103505.0,21金科地产SCP003,金科地产集团股份有限公司,2022-06-16,展期,1.167,-,1.000,-,0.167,10.0,2022-06-20,2022-06-20,2024-12-01,"利息,本金",查看,超短期融资券,-,否,民营企业,房地产,重庆,-
310,311.0,135548.0,H融创05,融创房地产集团有限公司,2022-06-13,展期,16.015,-,14.400,-,1.615,14.4,2022-06-13,2022-06-13,2024-06-13,本金,查看,私募债,AAA,否,民营企业,房地产,天津,AAA
311,312.0,149129.0,H0金科03,金科地产集团股份有限公司,2022-05-23,违约,12.991,2.500,12.500,-,0.491,12.5,2022-05-28,2022-05-28,2023-05-28,回售,查看,公司债,AAA,否,民营企业,房地产,重庆,-
312,313.0,32000416.0,20沪世茂PPN002,上海世茂股份有限公司,2022-04-27,展期,5.232,-,5.063,-,0.170,5.0,2022-04-26,2022-04-26,2023-06-26,回售,查看,定向工具PPN,AAA,否,中外合资企业,房地产,上海,-
313,314.0,149467.0,21恒大01,恒大地产集团有限公司,2022-04-21,展期,5.740,-,-,5.740,-,82.0,2022-04-27,2022-04-27,2022-10-27,利息,查看,公司债,B,否,民营企业,房地产,广东,B
314,315.0,155406.0,19恒大01,恒大地产集团有限公司,2022-04-21,展期,9.405,-,-,9.405,-,150.0,2022-05-06,2022-05-06,2022-11-06,利息,查看,公司债,B,否,民营企业,房地产,广东,B
315,316.0,155407.0,19恒大02,恒大地产集团有限公司,2022-04-21,展期,48.281,-,48.281,-,-,50.0,2022-05-06,2022-05-06,2022-11-06,回售,查看,公司债,B,否,民营企业,房地产,广东,B
316,317.0,166599.0,HPR龙债2,深圳市龙光控股有限公司,2022-04-06,展期,13.864,-,13.316,-,0.547,13.5,2022-04-16,2022-04-16,2023-07-16,回售,查看,私募债,-,否,外资企业,房地产,广东,-
317,318.0,155265.0,H19阳集2,福建阳光集团有限公司,2022-03-23,违约,5.750,-,5.000,0.375,0.375,5.0,2022-03-29,2022-03-29,2023-03-29,"利息,本金",查看,公司债,BBB,否,民营企业,房地产,福建,BBB
318,319.0,112875.0,H9龙控01,深圳市龙光控股有限公司,2022-03-21,展期,未披露,-,-,-,-,15.1,2022-03-19,2022-03-19,2023-06-19,回售,查看,公司债,-,否,外资企业,房地产,广东,-
319,320.0,150211.0,H龙控02,深圳市龙光控股有限公司,2022-03-19,展期,18.969,-,18.260,-,0.709,18.26,2022-03-22,2022-03-22,2023-06-22,本金,查看,私募债,-,否,外资企业,房地产,广东,-
320,321.0,149247.0,20恒大04,恒大地产集团有限公司,2022-03-17,展期,2.320,-,-,2.320,-,40.0,2021-09-23,2021-09-23,2022-09-23,利息,查看,公司债,-,否,民营企业,房地产,广东,-
321,322.0,178228.0,H21新力1,新力地产集团有限公司,2022-03-11,展期,0.179,-,-,0.179,-,2.55,2022-03-26,2022-03-26,2023-03-27,利息,查看,私募债,B,否,民营企业,房地产,广东,B
322,323.0,101900555.0,19福建阳光MTN001,福建阳光集团有限公司,2022-03-04,展期,1.150,-,1.000,0.075,0.075,1.0,2022-04-18,2022-04-18,2023-04-18,"利息,本金",查看,中期票据,BBB,否,民营企业,房地产,福建,BBB
323,324.0,102100220.0,21阳光城MTN001,阳光城集团股份有限公司,2022-01-25,展期,0.401,-,-,0.401,-,5.8,2022-01-29,2022-01-29,2022-07-29,利息,查看,中期票据,-,否,民营企业,房地产,福建,-
324,325.0,149363.0,H1阳城01,阳光城集团股份有限公司,2022-01-18,违约,0.690,-,-,0.690,-,10.0,2022-01-22,2022-01-22,2023-01-22,利息,查看,公司债,-,否,民营企业,房地产,福建,-
325,326.0,155145.0,H19阳集1,福建阳光集团有限公司,2022-01-17,违约,4.300,-,0.300,4.000,-,4.0,2022-01-15,2022-01-15,2022-04-15,"利息,本金",查看,公司债,-,否,民营企业,房地产,福建,-
326,327.0,149021.0,20恒大01,恒大地产集团有限公司,2022-01-05,违约,未披露,-,-,-,-,45.0,2022-01-08,2022-01-08,2022-07-08,"利息,回售",查看,公司债,B,否,民营企业,房地产,广东,B
327,328.0,112995.0,19泛控02,泛海控股股份有限公司,2021-12-28,违约,5.000,-,5.000,-,-,5.0,2021-12-25,2021-12-25,2022-12-25,回售,查看,公司债,-,否,民营企业,房地产,北京,-
328,329.0,177469.0,H20新力1,新力地产集团有限公司,2021-12-20,展期,0.210,-,-,0.210,-,3.0,2021-12-22,2021-12-22,2022-06-22,利息,查看,私募债,-,否,民营企业,房地产,广东,-
329,330.0,163023.0,H19鸿坤1,北京鸿坤伟业房地产开发有限公司,2021-12-14,违约,3.375,0.636,3.180,-,0.195,3.44,2021-11-22,2021-11-22,2022-11-22,回售,查看,公司债,-,否,民营企业,房地产,北京,-
330,331.0,155092.0,H18花样,花样年集团(中国)有限公司,2021-12-13,展期,12.100,-,10.000,0.600,1.500,9.49,2021-12-17,2021-12-17,2023-12-17,"利息,本金",查看,公司债,BBB-,否,民营企业,房地产,广东,BBB-
331,332.0,101801439.0,18福建阳光MTN001,福建阳光集团有限公司,2021-12-02,违约,4.340,-,4.000,-,0.340,4.0,2021-12-07,2021-12-07,2022-12-07,本金,查看,中期票据,-,否,民营企业,房地产,福建,-
332,333.0,163025.0,H19花样2,花样年集团(中国)有限公司,2021-11-26,展期,0.569,-,-,0.569,-,7.3,2021-11-29,2021-11-29,2022-11-29,利息,查看,公司债,BBB-,否,民营企业,房地产,广东,BBB-
333,334.0,163023.0,H19鸿坤1,北京鸿坤伟业房地产开发有限公司,2021-11-25,展期,3.180,-,3.180,-,-,3.44,2021-11-22,2021-11-22,2021-12-22,回售,查看,公司债,-,否,民营企业,房地产,北京,-
334,335.0,175447.0,H20花样2,花样年集团(中国)有限公司,2021-11-22,展期,1.852,-,-,1.852,-,15.43,2021-11-25,2021-11-25,2022-11-25,利息,查看,公司债,BBB-,否,民营企业,房地产,广东,BBB-
335,336.0,155493.0,H19花样,花样年集团(中国)有限公司,2021-11-12,展期,0.475,-,-,0.475,-,7.24,2022-07-05,2022-07-05,2023-07-05,利息,查看,公司债,BBB-,否,民营企业,房地产,广东,BBB-
336,337.0,114405.0,18阳光04,阳光城集团股份有限公司,2021-11-08,展期,6.365,-,6.365,-,-,6.37,2021-11-19,2021-11-19,2022-11-19,本金,查看,私募债,-,否,民营企业,房地产,福建,-
337,338.0,101800969.0,18泛海MTN001,泛海控股股份有限公司,2021-09-23,展期,0.595,-,-,0.595,-,7.0,2021-08-29,2021-08-29,2022-08-29,利息,查看,中期票据,-,否,民营企业,房地产,北京,-
338,339.0,114372.0,18海控01,泛海控股股份有限公司,2021-09-10,展期,15.910,-,15.674,-,0.236,15.67,2021-09-10,2021-09-10,2021-11-10,"利息,本金",查看,私募债,-,否,民营企业,房地产,北京,-
339,340.0,112920.0,19泛控01,泛海控股股份有限公司,2021-07-09,部分兑付,3.301,3.000,3.000,0.188,0.113,5.5,2021-07-09,2021-07-09,2022-01-09,"利息,回售",查看,公司债,-,否,民营企业,房地产,北京,-
340,341.0,125616.0,H15华资,北京华业资本控股股份有限公司,2020-12-25,违约,5.770,-,5.000,0.740,0.030,5.0,2019-12-25,2019-12-25,2021-12-25,"利息,本金",查看,私募债,-,否,民营企业,房地产,北京,-
341,342.0,118704.0,16隆地02,重庆爱普地产(集团)有限公司,2020-06-08,部分兑付,0.500,0.050,-,0.500,-,8.0,2020-06-08,2020-06-08,2020-12-07,利息,查看,私募债,-,否,中外合资企业,房地产,重庆,-
342,343.0,112240.0,15华联债,新华联文化旅游发展股份有限公司,2020-03-26,展期,10.223,-,9.807,-,0.416,11.29,2020-04-01,2020-04-01,2020-09-30,回售,查看,公司债,-,否,民营企业,房地产,北京,-
343,344.0,125616.0,H15华资,北京华业资本控股股份有限公司,2019-12-25,展期,5.370,-,5.000,0.370,-,5.0,2019-12-25,2019-12-25,2020-12-25,"利息,本金",查看,私募债,-,否,民营企业,房地产,北京,-
