,序号,企业名称,经营状态,法定代表人,注册资本,注册资本币种,成立日期,核准日期,所属省,所属市,所属区/县,统一社会信用代码,联系电话,邮箱,参保人,企业性质,组织形式,国标行业门类,国标行业大类,国标行业中类,国标行业小类,网址,注册地址,通信地址,是否发行债券,经营范围
0,1.0,北京金开连泰房地产开发有限公司,在营,田璞,13.44亿,人民币,2018-11-16,2023-12-08,北京市,-,朝阳区,91110105MA01FN8B3N,010-64717244,3462795@qq.com,11,港澳台企业,有限责任公司,房地产业,房地产业,房地产开发经营,房地产开发经营,-,北京市朝阳区崔各庄乡南春路1号一层152室,-,曾有债券发行,房地产开发；物业管理；房地产信息咨询；货物进出口；技术进出口；销售自行开发的商品房；工程勘察；工程设计。（市场主体依法自主选择经营项目，开展经营活动；工程勘察、工程设计以及依法须经批准的项目，经相关部门批准后依批准的内容开展经营活动；不得从事国家和本市产业政策禁止和限制类项目的经营活动。）
1,2.0,广东建方房屋租赁管理有限公司,在营,周松,"4,000万",人民币,2017-12-26,2023-12-07,广东省,广州市,天河区,91440101MA5ANGBN2P,32612500,giantfind@163.com,117,港澳台企业,有限责任公司,房地产业,房地产业,房地产租赁经营,房地产租赁经营,-,广州市天河区金穗路14号四楼405,-,曾有债券发行,物业管理;房屋租赁;房地产中介服务;家庭服务;停车场经营;场地租赁（不含仓储）;向游客提供旅游、交通、住宿、餐饮等代理服务（不涉及旅行社业务）;家具安装;商品零售贸易（许可审批类商品除外）;代收代缴水电费;信息技术咨询服务;室内装饰、装修;冷气供应;商品批发贸易（许可审批类商品除外）;室内装饰设计服务;自行车存放服务;房地产咨询服务;数据处理和存储服务;技术服务(不含许可审批项目);信息电子技术服务;电子工程设计服务;资产评估服务;
2,3.0,新力地产集团有限公司,在营,张良剑,32亿,人民币,2017-03-14,2021-09-30,广东省,深圳市,福田区,91440300MA5EDTAN0L,02134031888,xiameili@xinlizd.com,-,民营企业,有限责任公司,房地产业,房地产业,房地产开发经营,房地产开发经营,www.sinicdc.com,深圳市福田区福田街道口岸社区福田南路38号广银大厦1315-B22,上海市闵行区申长路988弄虹桥万科中心6号楼6-7层,曾有债券发行,一般经营项目是：房地产开发及经营；房地产信息咨询；建筑设计咨询；工程管理咨询；企业管理咨询服务；投资兴办实业（具体项目另行申报）。（以上法律、行政法规、国务院决定禁止的项目除外，限制的项目须取得许可后方可经营），许可经营项目是：
3,4.0,慕盛(北京)公寓管理有限公司,在营,徐浩兵,"2,000万",人民币,2016-12-27,2022-07-13,北京市,-,石景山区,91110105MA00ARLM94,85175199,houyi@tahoecn.com,0,民营企业,有限责任公司,房地产业,房地产业,物业管理,物业管理,-,北京市石景山区鲁谷路51号院3号楼B塔3层308,-,曾有债券发行,物业管理；酒店管理；出租办公用房、商业用房；会议服务；清洁服务（不含餐具消毒）；组织文化艺术交流活动（不含演出）；经济贸易咨询；承办展览展示活动；企业管理咨询；销售建筑材料（不从事实体店铺经营）；工程勘察设计；计算机系统服务；基础软件服务；软件开发；技术开发。（市场主体依法自主选择经营项目，开展经营活动；依法须经批准的项目，经相关部门批准后依批准的内容开展经营活动；不得从事国家和本市产业政策禁止和限制类项目的经营活动。）
4,5.0,苏州星岛仁恒置业有限公司,在营,魏丽静,1.4亿,人民币,2016-10-19,2024-01-09,江苏省,苏州市,姑苏区,91320508MA1MXD4R0U,051267626666,315491089@qq.com,1,民营企业,有限责任公司,房地产业,房地产业,房地产开发经营,房地产开发经营,-,苏州市普福寺弄27-5号,江苏省苏州市普福寺弄27-5号,曾有债券发行,房地产开发与经营（依法须经批准的项目，经相关部门批准后方可开展经营活动）一般项目：企业管理；企业管理咨询；商业综合体管理服务；物业管理；停车场服务；非居住房地产租赁（除依法须经批准的项目外，凭营业执照依法自主开展经营活动）
5,6.0,宁德恒大置业有限公司,在营,陈勇,"2,000万",人民币,2016-09-02,2021-05-13,福建省,宁德市,蕉城区,91350901MA34AKMX5L,18859310028,834391757@qq.com,0,民营企业,有限责任公司,房地产业,房地产业,房地产开发经营,房地产开发经营,-,福建省宁德市东侨经济技术开发区尚德路8号东侨开发区管委会办公楼3号楼206室,-,曾有债券发行,房地产开发、销售；室内装饰工程、机电设备安装工程、园艺工程施工；物业管理；房产中介服务；房屋租赁。（依法须经批准的项目，经相关部门批准后方可开展经营活动）
6,7.0,北京居业置业有限公司,在营,林宇,39.61亿,人民币,2016-03-23,2023-06-28,北京市,-,朝阳区,91110105MA004BUE4H,010-85959599,jtzcb@radiance.com.cn,0,民营企业,有限责任公司,房地产业,房地产业,房地产开发经营,房地产开发经营,-,北京市朝阳区望京东园四区6号楼37层3701号14,-,曾有债券发行,房地产开发；物业管理；出租商业用房。（市场主体依法自主选择经营项目，开展经营活动；依法须经批准的项目，经相关部门批准后依批准的内容开展经营活动；不得从事国家和本市产业政策禁止和限制类项目的经营活动。）
7,8.0,福建省碧桂园投资有限公司,在营,曹连生,2.33亿,人民币,2015-09-21,2023-08-22,福建省,福州市,平潭县,91350128MA32TBKT74,0591-83265576,-,86,民营企业,有限责任公司,房地产业,房地产业,房地产开发经营,房地产开发经营,-,平潭综合实验区金井湾商务营运中心4号楼1708-6-007层,-,曾有债券发行,对第一产业、第二产业、第三产业的投资（法律、法规另有规定除外），会计、审计及税务服务，人力资源服务（不含劳务派遣），工程管理服务，企业管理咨询（不含需审批的项目），供应链管理，提供企业营销策划服务，投资管理咨询，信息技术咨询服务，商务信息咨询。（不含金融、证券、期货）（依法须经批准的项目，经相关部门批准后方可开展经营活动）
8,9.0,河南兴汉正商置业有限公司,在营,王金虎,"5,000万",人民币,2015-08-19,2021-11-23,河南省,郑州市,惠济区,914101003561524435,0371-66815299,zensungroup@zensunholdings.com,81,港澳台企业,有限责任公司,房地产业,房地产业,房地产开发经营,房地产开发经营,-,河南省郑州市惠济区汉启路12号院4号楼3楼,-,曾有债券发行,许可项目：房地产开发经营（依法须经批准的项目，经相关部门批准后方可开展经营活动，具体经营项目以相关部门批准文件或许可证件为准）一般项目：住房租赁；非居住房地产租赁；建筑材料销售；企业管理咨询；销售代理；市场营销策划；房地产咨询（除依法须经批准的项目外，凭营业执照依法自主开展经营活动）
9,10.0,正荣地产控股有限公司,在营,金明捷,82亿,人民币,2015-07-22,2024-01-29,上海市,-,闵行区,913101123508402537,021-62376766,-,77,民营企业,有限责任公司,房地产业,房地产业,房地产开发经营,房地产开发经营,www.zhenrodc.com,上海市闵行区沪青平公路277号5楼E23室,上海市闵行区申虹路666弄虹桥正荣中心7号楼,曾有债券发行,对房地产业、贸易业的投资，房地产开发经营，投资咨询服务，企业资产管理，物业管理，企业管理咨询服务，企业形象策划服务，从事货物及技术的进出口业务。【依法须经批准的项目，经相关部门批准后方可开展经营活动】
10,11.0,碧桂园地产集团有限公司,在营,简暖棠,153.2亿,人民币,2015-04-20,2023-10-18,广东省,佛山市,顺德区,91440606338202486K,0757-29917057,-,2,民营企业,有限责任公司,房地产业,房地产业,房地产开发经营,房地产开发经营,www.bgy.com.cn,佛山市顺德区北滘镇碧桂园大道1号碧桂园中心七楼705室,中国广东省佛山市顺德区北滘镇碧桂园大道1号碧桂园中心,曾有债券发行,房地产开发及销售、物业租赁、房地产投资咨询、房地产经营管理咨询。（依法须经批准的项目，经相关部门批准后方可开展经营活动。）(依法须经批准的项目，经相关部门批准后方可开展经营活动)
11,12.0,杭州领长置业有限公司,在营,钱取娣,"5,000万",人民币,2014-11-04,2023-03-10,浙江省,杭州市,萧山区,91330109322908222J,-,-,10,民营企业,有限责任公司,房地产业,房地产业,房地产开发经营,房地产开发经营,-,浙江省杭州市萧山区萧山经济技术开发区建设四路380号领航城8幢826室,-,曾有债券发行,许可项目：房地产开发经营；建设工程施工；住宅室内装饰装修(依法须经批准的项目，经相关部门批准后方可开展经营活动，具体经营项目以审批结果为准)。一般项目：非居住房地产租赁；物业管理；园林绿化工程施工；建筑材料销售；专业设计服务(除依法须经批准的项目外，凭营业执照依法自主开展经营活动)。
12,13.0,中山市腾隆房地产开发有限公司,在营,梁炬堂,"3,600万",人民币,2013-11-14,2018-08-21,广东省,中山市,-,91442000082609230K,0760-22388866,295450161@qq.com,2,民营企业,有限责任公司,房地产业,房地产业,房地产开发经营,房地产开发经营,-,中山市横栏镇景帝路4号恒东时代花园20卡,-,曾有债券发行,房地产开发、物业管理（法律、行政法规、国务院决定规定须经批准的经营项目，凭批准文件、证件经营）。(依法须经批准的项目，经相关部门批准后方可开展经营活动)〓
13,14.0,泰兴市明源房地产开发有限公司,在营,刁娜丽,"1,000万",美元,2013-10-25,2022-07-21,江苏省,泰州市,泰兴市,91321283081502132Y,15380719568,changetobe@qq.com,0,港澳台企业,有限责任公司,房地产业,房地产业,-,-,-,泰兴市黄桥镇佳源广场1幢401室,-,曾有债券发行,许可项目：房地产开发经营（依法须经批准的项目，经相关部门批准后方可开展经营活动，具体经营项目以审批结果为准）
14,15.0,广东多丰投资发展有限公司,在营,麦泽年,"1,000万",人民币,2013-09-05,2023-04-23,广东省,佛山市,顺德区,91440606077888079X,0757-26607853,251848283@qq.com,0,民营企业,有限责任公司,房地产业,房地产业,-,-,-,广东省佛山市顺德区北滘镇君兰社区诚德路1号美的财富广场4栋2809室（住所申报）,-,曾有债券发行,房地产开发与经营；对房地产业的投资。（依法须经批准的项目，经相关部门批准后方可开展经营活动。）〓（依法须经批准的项目，经相关部门批准后方可开展经营活动）〓
15,16.0,佛山市粤海通房地产有限公司,在营,林作万,"3,000万",人民币,2013-03-01,2019-06-14,广东省,佛山市,南海区,914406050621168694,0757-81168189,lql@yhtfdc.com,19,民营企业,有限责任公司,房地产业,房地产业,房地产开发经营,房地产开发经营,-,佛山市南海区狮山镇博爱中路68号长华国际商业中心10栋二层196商铺（住所申报）,-,曾有债券发行,房地产开发，房地产投资，房地产中介，物业管理。（依法须经批准的项目，经相关部门批准后方可开展经营活动）〓
16,17.0,东方安颐(北京)城镇发展投资有限公司,在营,景海红,49亿,人民币,2012-12-31,2023-12-01,北京市,-,丰台区,91110000059210475T,010-83858958,gkdf2020@163.com,35,民营企业,-,房地产业,房地产业,房地产开发经营,房地产开发经营,www.cdb-orient.com,北京市丰台区王佐镇泉湖西路13号院3号楼3-2-1,北京市丰台区王佐镇青龙湖公园龙湖山庄办公楼二层,曾有债券发行,房地产开发；项目投资；资产管理。（“1、未经有关部门批准，不得以公开方式募集资金；2、不得公开开展证券类产品和金融衍生品交易活动；3、不得发放贷款；4、不得对所投资企业以外的其他企业提供担保；5、不得向投资者承诺投资本金不受损失或者承诺最低收益。”领取本执照后，应到住房城乡建设委取得行政许可。市场主体依法自主选择经营项目，开展经营活动；依法须经批准的项目，经相关部门批准后依批准的内容开展经营活动；不得从事国家和本市产业政策禁止和限制类项目的经营活动。）
17,18.0,福州三盛置业有限公司,在营,林荣滨,50亿,人民币,2012-12-18,2021-01-04,福建省,福州市,仓山区,91350100060355372Y,13696854515,-,0,民营企业,有限责任公司,房地产业,房地产业,房地产开发经营,房地产开发经营,-,福建省福州市仓山区南江滨西大道96号港头广场1号楼23层06办公,-,曾有债券发行,房地产开发与经营；物业管理；对林业、建筑业、房地产业、服务业、工业、商业的投资；园林绿化工程、室外装饰工程、幕墙工程、楼宇智能化工程的设计与施工；建筑材料、机械设备、电子产品、化工原料（不含危险化学品及易制毒化学品）、橡胶及塑料制品的批发、代购代销。（依法须经批准的项目，经相关部门批准后方可开展经营活动）
18,19.0,上海世茂佘山汇盈置业有限公司,在营,陈莹,8.6亿,人民币,2012-09-14,2022-03-28,上海市,-,松江区,91310117054556987Q,021-37028516,ying_xiong11@shimaogroup.com,11,民营企业,有限责任公司,房地产业,房地产业,房地产开发经营,房地产开发经营,-,上海市松江区佘山镇陶干路701号5幢,-,曾有债券发行,许可项目：房地产开发经营。（依法须经批准的项目，经相关部门批准后方可开展经营活动，具体经营项目以相关部门批准文件或许可证件为准）一般项目：住房租赁；非居住房地产租赁；物业管理；停车场服务；信息咨询服务（不含许可类信息咨询服务）。（除依法须经批准的项目外，凭营业执照依法自主开展经营活动）
19,20.0,积水置业(无锡)有限公司,注销,濑户洋信（SETO HIRONOBU）,2.65亿,美元,2012-02-23,2022-10-31,江苏省,无锡市,新吴区,913200005900010456,-,wx01.yj.liu@sekisuihouse-cn.com,14,外资企业,有限责任公司,房地产业,房地产业,房地产开发经营,房地产开发经营,-,江苏省无锡市新吴区菱湖大道1号裕沁湖畔庭79-219室,-,曾有债券发行,房地产的开发与经营；房屋的出租（不含国家限制、禁止类项目）；建筑及室内装修、装饰的咨询服务；从事建筑部品及家具装修材料的批发。（依法须经批准的项目，经相关部门批准后方可开展经营活动）
20,21.0,北京路劲隽御房地产开发有限公司,在营,刁露,43.85亿,人民币,2011-01-30,2020-04-17,北京市,-,昌平区,91110000569539182L,010-64136000,customer@rkph.com,42,港澳台企业,有限责任公司,房地产业,房地产业,房地产开发经营,房地产开发经营,www.rkph.com.cn,北京市昌平区双营西路78号院2号楼3层301,北京市朝阳区三里屯西六街6号乾坤大厦C区5层,曾有债券发行,房地产开发（不含土地成片开发；高档宾馆、别墅、高档写字楼和国际会议中心的建设、经营；大型主题公园的建设、经营）；销售自行开发后的商品房；出租商业用房；出租办公用房。（企业依法自主选择经营项目，开展经营活动；依法须经批准的项目，经相关部门批准后依批准的内容开展经营活动；不得从事本市产业政策禁止和限制类项目的经营活动。）
21,22.0,北京居业房地产咨询有限公司,在营,林茂祺,607万,人民币,2011-01-12,2024-01-31,北京市,-,朝阳区,911101055674259741,010-85959599,jtzcb@radiance.com.cn,142,民营企业,-,房地产业,房地产业,房地产中介服务,房地产中介服务,-,北京市朝阳区望京东园四区6号楼37层3701号01,-,曾有债券发行,房地产信息咨询（不含中介）；投资咨询；经济贸易咨询；工程项目管理；工程技术咨询；工程造价咨询；企业策划；设计、制作、代理、发布广告；物业管理；企业管理；技术进出口；销售建材。（企业依法自主选择经营项目，开展经营活动；依法须经批准的项目，经相关部门批准后依批准的内容开展经营活动；不得从事本市产业政策禁止和限制类项目的经营活动。）
22,23.0,国测地理信息科技产业园集团有限公司,在营,何波,4亿,人民币,2010-12-17,2023-06-09,北京市,-,顺义区,91110000567496713C,010-57939500,guoce@guoce.com.cn,118,民营企业,有限责任公司,房地产业,房地产业,房地产开发经营,房地产开发经营,-,北京市顺义区国门商务区机场东路2号1层2020室,-,曾有债券发行,房地产开发；技术开发；技术咨询；技术转让；技术服务；计算机技术培训；投资及资产管理；投资管理；企业管理；经济信息咨询；专业承包；销售日用品、建筑材料、汽车。（市场主体依法自主选择经营项目，开展经营活动；依法须经批准的项目，经相关部门批准后依批准的内容开展经营活动；不得从事国家和本市产业政策禁止和限制类项目的经营活动。）
23,24.0,隆基泰和置业有限公司,在营,魏少军,13.71亿,人民币,2010-08-10,2021-11-09,河北省,保定市,竞秀区,91130600560457922R,0312-5591888,-,8,民营企业,有限责任公司,房地产业,房地产业,房地产开发经营,房地产开发经营,www.ljthproperty.com,保定市和顺路77号万和城A区,-,曾有债券发行,房地产开发经营。自有房屋租赁，市政工程、水电工程施工，城镇、园区基础设施建设与管理，土地整理，市场管理服务，停车服务，展览展示服务，市场营销策划服务，国内旅游服务，文化、艺术咨询服务，组织文化、艺术交流活动，企业管理咨询。品牌管理。(依法须经批准的项目，经相关部门批准后方可开展经营活动)
24,25.0,深圳市卓越商业管理有限公司,在营,李华,30亿,人民币,2010-07-01,2023-04-11,广东省,深圳市,福田区,91440300558656420D,82912388,wangting03@excegroup.com,-,民营企业,有限责任公司,房地产业,房地产业,房地产开发经营,房地产开发经营,-,深圳市福田区金田路皇岗商务中心1号楼6501,广东省深圳市福田区金田路皇岗商务中心1号楼6501,曾有债券发行,一般经营项目是：商业管理与商业管理顾问；清洁服务（不含外墙清洁）；经济信息咨询；日用百货、纺织品、服装、家用电器、电子产品、文化用品、体育用品及器材、仪器仪表、建材、化工产品（不含危险化学品）、机械设备、五金、家具、文艺美术品、金银珠宝首饰的销售，国内贸易。（法律、行政法规、国务院决定禁止的项目除外，限制的项目须取得许可后方可经营），许可经营项目是：
25,26.0,泛海物业管理武汉有限公司,在营,郑翼龙,"1,000万",人民币,2010-05-14,2020-11-10,湖北省,武汉市,江汉区,9142010055501107XX,027-83871999,whyinghy@fhwy.com.cn,679,民营企业,有限责任公司,房地产业,房地产业,物业管理,物业管理,-,武汉市江汉区云彩路198号泛海城市广场写字楼8层,-,曾有债券发行,物业管理；机电设备维修；电梯、扶梯、日用百货、五金、家用电器的销售；园林绿化服务；停车服务；房屋中介服务；会务会展服务；汽车美容保洁服务；室内游泳池经营；冷热饮品销售；体育场馆设施管理、租赁、健身服务、文化艺术交流活动组织与策划、体育用品、服装鞋帽的批发兼零售；体育赛事活动组织与策划、咨询；人力资源服务（不含职业中介活动）；劳务派遣服务。（涉及许可经营项目，应取得相关部门许可后方可经营）
26,27.0,国购投资有限公司,在营,袁启宏,2.5亿,人民币,2010-05-11,2014-12-12,安徽省,合肥市,蜀山区,913401005545806760,65378882,1368323972@qq.com,0,民营企业,有限责任公司,房地产业,房地产业,房地产开发经营,房地产开发经营,www.goocoo.com,安徽省合肥市蜀山区肥西路66号汇金大厦,安徽省合肥市蜀山区肥西路66号汇金大厦26层,曾有债券发行,房地产项目投资；风险投资；科技项目投资、高新技术投资；基础建设投资；实业投资；企业收购、兼并及资产重组；企业管理咨询服务。
27,28.0,华侨城(上海)置地有限公司,在营,杨胜东,30.3亿,人民币,2010-03-01,2023-02-16,上海市,-,静安区,913100005515334446,021-66085858,-,77,港澳台企业,有限责任公司,房地产业,房地产业,房地产开发经营,房地产开发经营,-,上海市静安区山西北路108弄11号201室,-,曾有债券发行,在上海市闸北区1街坊及41、42街坊地块上从事商业、办公、文化娱乐、住宅项目的开发、经营、出租租赁、物业管理，以及配套停车场（库）的经营管理，（以下限在分支机构内凭证经营）酒店经营（客房）、会务服务、商务中心、洗衣服务、附设卖品部、餐饮、酒吧、健身中心、美容美发中心，烟草制品零售。【依法须经批准的项目，经相关部门批准后方可开展经营活动】
28,29.0,上海宝龙实业发展(集团)有限公司,在营,洪群峰,41.84亿,人民币,2010-02-22,2023-09-07,上海市,-,闵行区,91310000550074354L,021-51759999,zhangzd@powerlong.com,340,民营企业,有限责任公司,房地产业,房地产业,房地产开发经营,房地产开发经营,www.ipowerlong.com,上海市闵行区七莘路1855号第1幢4层02室,上海市闵行区新镇路1399号宝龙大厦8楼,曾有债券发行,受母公司委托，为母公司及其所投资企业或关联企业提供投资经营决策、市场营销服务、资金运作与财务管理、技术支持和研究开发、信息技术服务、员工培训和管理、承接母公司集团内部的共享服务及境外公司的服务外包；建筑材料、装修材料、机械设备、五金交电、电子产品的进出口、批发、佣金代理（拍卖除外）（以上商品不涉及国营贸易管理商品，涉及配额、许可证管理商品的，按国家有关规定办理申请）。【依法须经批准的项目，经相关部门批准后方可开展经营活动】
29,30.0,上海长峰(集团)有限公司,在营,童锦泉,10亿,人民币,2009-12-01,2022-12-05,上海市,-,长宁区,9131000069876874X4,021-61155522,-,0,民营企业,有限责任公司,房地产业,房地产业,房地产租赁经营,房地产租赁经营,www.summitpdc.com,上海市长宁区长宁路1018号2718室,上海市长宁区长宁路1018号2718室,曾有债券发行,一般项目：以自有资金从事投资活动；酒店管理；物业管理；信息咨询服务（不含许可类信息咨询服务）；会议及展览服务；货物进出口；技术进出口；信息技术咨询服务；专用设备修理。（除依法须经批准的项目外，凭营业执照依法自主开展经营活动）
30,31.0,北京望京搜候房地产有限公司,在营,潘石屹,"9,900万",美元,2009-12-01,2018-05-14,北京市,-,朝阳区,91110000693202691R,010-58788252,zhuenlei@sohochina.com,73,港澳台企业,有限责任公司,房地产业,房地产业,房地产租赁经营,房地产租赁经营,-,北京市朝阳区望京西园425号楼308室,北京市朝阳区望京西园425号楼308室,曾有债券发行,在朝阳区望京B29商业金融项目用地范围内从事房地产开发建设、商品房的出售、出租及物业管理（不含高档宾馆、别墅、高档写字楼的建设、经营）；房地产信息咨询。（依法须经批准的项目，经相关部门批准后依批准的内容开展经营活动。）
31,32.0,上海中梁地产集团有限公司,在营,姚伟华,100亿,人民币,2009-07-14,2023-12-11,上海市,-,普陀区,91310000691603870J,021-52036333,zldc@zldcgroup.com,176,民营企业,有限责任公司,房地产业,房地产业,房地产开发经营,房地产开发经营,www.zldcgroup.com,上海市普陀区云岭东路235号10楼1002室,-,曾有债券发行,许可项目：房地产开发经营。（依法须经批准的项目，经相关部门批准后方可开展经营活动，具体经营项目以相关部门批准文件或许可证件为准）一般项目：企业管理咨询；信息咨询服务（不含许可类信息咨询服务）。（除依法须经批准的项目外，凭营业执照依法自主开展经营活动）
32,33.0,石榴置业集团有限公司,在营,崔巍,15.45亿,人民币,2008-12-04,2023-11-14,北京市,-,丰台区,911100006828521893,18600686787,771770444@qq.com,103,民营企业,有限责任公司,房地产业,房地产业,房地产开发经营,房地产开发经营,www.16anar.com,北京市丰台区榴乡路88号院18号楼8层801-49,北京市丰台区榴乡路88号院18号楼8层801-49,曾有债券发行,物业管理；建设工程项目管理；销售食品；房地产开发；销售自行开发的商品房；出租办公用房；出租商业用房；房地产信息咨询；企业管理；计算机系统服务；数据处理（数据处理中的银行卡中心、PUE值在1.5以上的云计算数据中心除外）；基础软件服务；应用软件服务；技术推广；销售建筑材料、五金交电、机械设备、日用品、文化用品、工艺品。（市场主体依法自主选择经营项目，开展经营活动；销售食品以及依法须经批准的项目，经相关部门批准后依批准的内容开展经营活动；不得从事国家和本市产业政策禁止和限制类项目的经营活动。）
33,34.0,上海朗诗工程设计咨询有限公司,在营,夏中国,"5,000万",人民币,2008-09-26,2024-01-16,上海市,-,浦东新区,913100006809599355,021-65961111,-,0,民营企业,有限责任公司,房地产业,房地产业,房地产开发经营,房地产开发经营,-,中国（上海）自由贸易试验区浦东大道2123号3C－1052室,-,曾有债券发行,许可项目：建设工程设计。（依法须经批准的项目，经相关部门批准后方可开展经营活动，具体经营项目以相关部门批准文件或许可证件为准）一般项目：企业管理咨询，企业管理，信息咨询服务（不含许可类信息咨询服务）。（除依法须经批准的项目外，凭营业执照依法自主开展经营活动）
34,35.0,和昌物业服务集团有限公司,在营,邹斌,1亿,人民币,2008-06-25,2023-04-26,河南省,郑州市,惠济区,91410108676725458D,0371-55686811,hcwy@hechangre.com,324,民营企业,有限责任公司,房地产业,房地产业,物业管理,物业管理,-,郑州市惠济区农业路南天明路西怡丰新都汇3号楼-层西,-,曾有债券发行,物业管理；酒店管理；房屋租赁及销售；停车管理服务；销售：日用品、办公用品、装饰材料（油漆、涂料除外）、五金产品；房地产经纪及咨询；房屋装修及维修；家政保洁服务；水电上门维修；园林绿化工程施工及花草租赁；智能化工程施工；餐饮服务；供热服务、供冷服务；物业管理咨询服务；会议会展服务；设计、制作、代理、发布国内广告业务。
35,36.0,禹洲集团控股有限公司,在营,-,-,港元,2008-04-23,-,-,-,-,-,-,-,-,民营企业,股份有限公司,房地产业,房地产业,房地产开发经营,房地产开发经营,www.xmyuzhou.com.cn,Cricket Square Hutchins Drive P.O. Box 2681 Grand Cayman KY1-1111 Cayman Islands,香港中环皇后大道中99号中环中心58楼5801-02室,曾有债券发行,-
36,37.0,深圳市龙光控股有限公司,在营,沈沛勇,4.43亿,人民币,2008-04-01,2023-10-16,广东省,深圳市,宝安区,9144030067298580XX,85288221,20313038@qq.com,0,民营企业,有限责任公司,房地产业,房地产业,房地产开发经营,房地产开发经营,colud.logan.com.cn,深圳市宝安区兴华路南侧龙光世纪大厦1栋2002（办公场所）,深圳市宝安区兴华路南侧龙光世纪大厦1栋2002,曾有债券发行,一般经营项目是：实业项目投资咨询；企业管理咨询。，许可经营项目是：
37,38.0,龙湖集团控股有限公司,在营,-,-,港元,2007-12-21,-,-,-,-,-,-,-,-,民营企业,股份有限公司,房地产业,房地产业,房地产开发经营,房地产开发经营,www.longfor.com,Cricket Square Hutchins Drive P.O. Box 2681 Grand Cayman KY1-1111 Cayman Islands,香港中环都爹利街1号15楼,曾有债券发行,-
38,39.0,中山市恒东房地产开发有限公司,在营,梁炬堂,1.01亿,人民币,2007-12-06,2018-08-22,广东省,中山市,-,91442000669819405K,22388866,295450161@qq.com,1,民营企业,有限责任公司,房地产业,房地产业,房地产开发经营,房地产开发经营,-,中山市横栏镇景帝路4号恒东时代花园14卡,-,曾有债券发行,房地产开发（凭资质证经营）、建筑物租赁、承接室内装饰工程。(依法须经批准的项目，经相关部门批准后方可开展经营活动)〓
39,40.0,新疆亚中物业管理服务有限责任公司,在营,丁锦志,500万,人民币,2007-11-29,2022-06-08,新疆,乌鲁木齐市,新市区,91650100666696067P,0991-6681099,897593708@qq.com,78,民营企业,有限责任公司,房地产业,房地产业,物业管理,物业管理,-,新疆乌鲁木齐高新区(新市区)苏州东街377号美居物流园H座三楼,-,曾有债券发行,物业管理；广告设计、制作、发布；车辆收费；租赁业务。（依法须经批准的项目，经相关部门批准后方可开展经营活动）
40,41.0,河南宏光正商置业有限公司,在营,陈继国,"5,000万",人民币,2007-10-31,2021-01-28,河南省,郑州市,管城回族区,91410100668850689B,0371-66815299,zensungroup@zensunholdings.com,13,港澳台企业,有限责任公司,房地产业,房地产业,房地产开发经营,房地产开发经营,-,郑州市郑东新区商鼎路北、康平路东A号楼11层1104号,郑州市港湾路1号,曾有债券发行,在土地证编号为郑国用（2008）第0309号、郑国用（2012）第XQ1050号、郑政新出[2012]28号、郑政新出[2012]29号、郑政新出[2012]30号、郑政东出（2012）4号、郑政东出（2012）14号的土地上从事房地产开发与销售（上述涉及许可的，凭有效资质经营）。
41,42.0,宝龙地产控股有限公司,在营,-,-,港元,2007-07-18,-,-,-,-,-,-,-,-,民营企业,股份有限公司,房地产业,房地产业,房地产开发经营,房地产开发经营,www.powerlong.com,P.O. Box 309 Ugland House Grand Cayman KY1-1104 Cayman Islands,香港干诺道中168-200号信德中心西座33楼3303室,曾有债券发行,-
42,43.0,山东安沃达置业有限公司,在营,李波,"5,008万",人民币,2007-04-25,2022-05-20,山东省,淄博市,张店区,913703036613925742,0533-2850036,anwoda@163.com,11,民营企业,有限责任公司,房地产业,房地产业,房地产开发经营,房地产开发经营,-,张店区南世纪路18甲102,-,曾有债券发行,房地产开发、销售；企业以自有资金对外投资（未经金融监管部门批准，不得从事吸收存款、融资担保、代客理财等金融业务）。(依法须经批准的项目，经相关部门批准后方可开展经营活动)
43,44.0,北京合生兴业房地产开发有限公司,在营,隋淼,"3,160万",美元,2006-12-15,2022-12-29,北京市,-,西城区,91110000795950949G,82274007,-,38,港澳台企业,有限责任公司,房地产业,房地产业,房地产开发经营,房地产开发经营,-,北京市西城区德外新明胡同东侧(德胜街道),-,曾有债券发行,开发、建设、出租、出售在西城区德胜门外大街煤厂地区的德胜大厦项目规划确定的范围内的房屋；物业管理；机动车公共停车场服务。（市场主体依法自主选择经营项目，开展经营活动；依法须经批准的项目，经相关部门批准后依批准的内容开展经营活动；不得从事国家和本市产业政策禁止和限制类项目的经营活动。）
44,45.0,碧桂园控股有限公司,在营,-,-,港元,2006-11-10,-,-,-,-,-,-,-,-,民营企业,股份有限公司,房地产业,房地产业,房地产开发经营,房地产开发经营,www.countrygarden.com.cn,Cricket Square Hutchins Drive P.O. Box 2681 Grand Cayman KY1-1111 Cayman Islands,香港中环都爹利街11号律敦治中心帝纳大厦17楼1702室,曾有债券发行,"开发大型住宅项目及销售各类型的单体住宅、连体住宅、洋房、车位及商铺,亦从事建筑、安装、装修及装饰以及物业管理服务。"
45,46.0,海南雅居乐房地产开发有限公司,在营,王坚,65.05亿,港元,2006-09-04,2023-08-15,海南省,-,陵水黎族自治县,91460000786644843J,0898-83358030,caijunli@agile.com.cn,142,民营企业,有限责任公司,房地产业,房地产业,房地产开发经营,房地产开发经营,www.18n-109e.com,海南省陵水县英州镇清水湾大道A03区公建七号商铺,-,曾有债券发行,许可项目：房地产开发经营；餐饮服务；食品销售；洗浴服务；国内船舶管理业务；船舶引航服务；船舶检验服务；船员、引航员培训；省际普通货船运输、省内船舶运输；货物进出口；进出口代理；进出口商品检验鉴定；食品经营（销售散装食品）；游艺娱乐活动（依法须经批准的项目，经相关部门批准后方可开展经营活动）一般项目：养老服务；旅游开发项目策划咨询；与农业生产经营有关的技术、信息、设施建设运营等服务；酒店管理；建筑材料销售；信息咨询服务（不含许可类信息咨询服务）；洗染服务；婚庆礼仪服务；停车场服务；日用百货销售；工艺美术品及礼仪用品销售（象牙及其制品除外）；游艇租赁；船舶销售；船舶租赁；船舶修理；国内船舶代理；国际船舶代理；无船承运业务；露营地服务；餐饮管理；健身休闲活动；休闲娱乐用品设备出租；体育赛事策划；普通货物仓储服务（不含危险化学品等需许可审批的项目）；物业管理；组织体育表演活动；会议及展览服务；业务培训（不含教育培训、职业技能培训等需取得许可的培训）；市场营销策划；项目策划与公关服务；体验式拓展活动及策划（除许可业务外，可自主依法经营法律法规非禁止或限制的项目）
46,47.0,深圳市彩生活服务集团有限公司,在营,胡梦茹,10.5亿,人民币,2006-08-25,2023-09-13,广东省,深圳市,福田区,914403007925781251,075533930880,739551976@qq.com,-,民营企业,有限责任公司,房地产业,房地产业,物业管理,物业管理,gw.colourlife.com,深圳市福田区沙头街道天安社区车公庙泰然七路1号博今商务广场B座十层1002,深圳市宝安区民治街道留仙大道边的综合楼12层A区,曾有债券发行,一般经营项目是：为酒店提供管理服务（不含酒店经营）；电子科技产品的技术开发；计算机软、硬件的技术开发；电子产品的销售；国内贸易（不含专营、专控、专卖商品）；投资兴办实业（具体项目另行申报）；信息咨询（不含限制项目）;物业管理；物联网应用服务（不含限制项目）。，许可经营项目是：
47,48.0,合景泰富集团控股有限公司,在营,-,-,港元,2006-07-28,-,-,-,-,-,-,-,-,民营企业,股份有限公司,房地产业,房地产业,房地产开发经营,房地产开发经营,www.kwggroupholdings.com,Cricket Square Hutchins Drive P.O. Box 2681 Grand Cayman KY1-1111 Cayman Islands,香港湾仔告士打道39号夏悫大厦13楼1301室,曾有债券发行,-
48,49.0,金世旗国际控股股份有限公司,在营,罗玉平,3亿,人民币,2006-07-13,2013-05-22,贵州省,贵阳市,观山湖区,91520000789760321U,0851-85509773,958986921@qq.com,5,民营企业,股份有限公司,房地产业,房地产业,房地产开发经营,房地产开发经营,-,贵州省贵阳市高新技术产业开发区国家数字内容产业园2层210,贵州省贵阳市观山湖区中天路3号201中心,曾有债券发行,从事城市基础设施及相关配套项目的投资及其管理业务；土地开发、整治、复垦及其利用的投资、开发和管理；旅游产业、绿色产业的投资及其管理；非金融性投资业务；建材、钢材、水泥、矿石、五金交电、机械设备。
49,50.0,厦门禹洲鸿图地产开发有限公司,在营,林彬煌,15亿,人民币,2006-06-20,2023-05-24,福建省,厦门市,海沧区,913502007841831664,0592-2505021,454715317@qq.com,58,民营企业,有限责任公司,房地产业,房地产业,房地产开发经营,房地产开发经营,-,中国（福建）自由贸易试验区厦门片区兴港六里2-106号,广东省深圳市南山区西丽街道科苑北路78号禹洲广场,曾有债券发行,从事海沧区兴港路“禹洲华侨城”及“禹洲尊海”（H2009G02）项目的开发与经营；物业服务；市政道路工程建筑。
50,51.0,鑫苑(中国)置业有限公司,在营,张勇,3.07亿,美元,2006-04-10,2018-04-25,河南省,郑州市,管城回族区,91410100786228620F,0371-65597777,xuhui.gui@xyre.com,7,民营企业,有限责任公司,房地产业,房地产业,房地产开发经营,房地产开发经营,www.xyre.com,郑州经济技术开发区第二大街西、经南一路南兴华科技产业园2号楼9层909号,北京市朝阳区建国路79号华贸中心2号写字楼27层,曾有债券发行,房地产开发与经营；房地产信息咨询；企业管理咨询；企业营销策划。（涉及许可经营项目，应取得相关部门许可后方可经营）
51,52.0,花样年集团(中国)有限公司,在营,潘军,16.25亿,人民币,2006-01-20,2022-02-18,广东省,深圳市,福田区,91440300785251247M,22690982,"rendf@cnfantasia,com",0,民营企业,有限责任公司,房地产业,房地产业,房地产开发经营,房地产开发经营,www.cnfantasia.com,深圳市福田区福保街道福保社区福田保税区市花路3号花样年.福年广场A栋一层,深圳市福田区福保街道福保社区福田保税区市花路3号花样年.福年广场A栋一层,曾有债券发行,一般经营项目是：电子技术开发；软件开发及咨询；经济信息咨询；房地产信息咨询、房地产经纪；在合法取得使用权的土地上从事房地产开发经营；物业管理；园林绿化；从事摄影及彩色扩印服务;建筑材料（不含钢材）与建筑机械设备的批发、佣金代理（不含拍卖）与进出口（涉及配额许可证管理、专项规定管理的商品按国家有关规定办理）。，许可经营项目是：
52,53.0,深圳粤商国际投资有限公司,在营,张宝玉,1.2亿,人民币,2006-01-16,2019-04-23,广东省,深圳市,坪山区,91440300783938782F,28683666,383851455@qq.com,-,民营企业,有限责任公司,房地产业,房地产业,房地产开发经营,房地产开发经营,-,深圳市坪山新区燕子岭配套生活区5#宿舍楼第一层,广东省深圳市坪山新区,曾有债券发行,一般经营项目是：投资兴办实业（具体项目另行申报）；房地产经纪(不含限制项目)；国内贸易（以上涉及法律、行政法规、国务院决定规定在登记前须经批准的项目除外)；房屋租赁。，许可经营项目是：
53,54.0,襄阳华中光彩大市场物业管理有限公司,在营,聂红军,"3,000万",人民币,2005-12-28,2020-10-29,湖北省,襄阳市,襄州区,91420607764136610P,0710-3336886,1433164563@qq.com,1,民营企业,有限责任公司,房地产业,房地产业,物业管理,物业管理,-,襄阳市襄州区邓城大道1号,-,曾有债券发行,市场物业管理、场地租赁、管道租赁；建材、装饰材料、洁具、灯饰、布艺、装饰家具、家电、电工电料、服装鞋帽、日用百货、日杂用品、轻纺针织用品、五金机电、汽车配件、摩托车配件销售；停车服务；通信业务代理服务。**（涉及许可经营项目，应取得相关部门许可后方可经营）**
54,55.0,广州富力嘉盛置业发展有限公司,在营,林伟祥,4亿,人民币,2005-09-29,2024-01-30,广东省,广州市,越秀区,914401017812017603,38882777,18721102@qq.com,0,民营企业,有限责任公司,房地产业,房地产业,房地产开发经营,房地产开发经营,-,广州市越秀区较场东路19号14楼E,-,曾有债券发行,房地产开发经营;
55,56.0,雅居乐集团控股有限公司,在营,-,-,港元,2005-07-14,-,-,-,-,-,-,-,-,民营企业,股份有限公司,房地产业,房地产业,房地产开发经营,房地产开发经营,www.agile.com.cn,Cricket Square Hutchins Drive P.O. Box 2681 Grand Cayman KY1-1111 Cayman Islands,香港皇后大道东1号太古广场3期18楼1801-1806室,曾有债券发行,-
56,57.0,广东海伦堡地产集团有限公司,在营,王寿康,92亿,人民币,2005-04-14,2024-01-15,广东省,广州市,番禺区,914401017733145628,84812888,1564294838@qq.com,487,民营企业,有限责任公司,房地产业,房地产业,房地产开发经营,房地产开发经营,www.hlbkg.cn,广州市番禺区沙头街禺山西路329号2座二层（仅限办公用途）,广州市番禺区禺山西路329号创意城2座办公楼,曾有债券发行,房地产开发经营;土石方工程服务;室内装饰设计服务;投资咨询服务;企业财务咨询服务;信息技术咨询服务;贸易咨询服务;企业管理咨询服务;园林绿化工程服务;建材、装饰材料批发;企业自有资金投资;
57,58.0,青岛海尚海生活服务集团有限公司,在营,赵新护,"2,000万",人民币,2005-04-05,2021-09-14,山东省,青岛市,崂山区,91370212773505924E,0532-55578991,xuhairong@haier.com,163,民营企业,有限责任公司,房地产业,房地产业,物业管理,物业管理,-,山东省青岛市崂山区崂山路177号2楼,-,曾有债券发行,一般项目：居民日常生活服务；家政服务；专业保洁、清洗、消毒服务；园区管理服务；物业管理；餐饮管理；酒店管理；机构养老服务；信息咨询服务（不含许可类信息咨询服务）；互联网销售（除销售需要许可的商品）；数据处理和存储支持服务；健康咨询服务（不含诊疗服务）；组织文化艺术交流活动；会议及展览服务；普通货物仓储服务（不含危险化学品等需许可审批的项目）；停车场服务；城市绿化管理；房地产经纪；非居住房地产租赁；住房租赁；家具安装和维修服务；技术服务、技术开发、技术咨询、技术交流、技术转让、技术推广；教育咨询服务（不含涉许可审批的教育培训活动）；软件开发；信息系统集成服务；计算机系统服务；礼品花卉销售；工艺美术品及收藏品批发（象牙及其制品除外）；工艺美术品及收藏品零售（象牙及其制品除外）；五金产品批发；五金产品零售；建筑材料销售；日用百货销售；服装服饰批发；服装服饰零售；家具销售；家用电器销售；电子产品销售；照相器材及望远镜零售；厨具卫具及日用杂品批发；卫生洁具销售；音响设备销售；建筑装饰材料销售；体育用品及器材批发；体育用品及器材零售；化妆品批发；化妆品零售；个人卫生用品销售；广告设计、代理；广告制作；广告发布（非广播电台、电视台、报刊出版单位）；园林绿化工程施工；咨询策划服务；规划设计管理；税务服务；工程管理服务；票务代理服务；国际货物运输代理。（除依法须经批准的项目外，凭营业执照依法自主开展经营活动）许可项目：公路管理与养护；城市生活垃圾经营性服务；住宅室内装饰装修；建设工程设计；房地产开发经营；各类工程建设活动；保险代理业务；保健食品销售。（依法须经批准的项目，经相关部门批准后方可开展经营活动，具体经营项目以相关部门批准文件或许可证件为准）
58,59.0,怡家园(厦门)物业管理有限公司,在营,乔海侠,"5,000万",人民币,2005-02-17,2023-04-11,福建省,厦门市,思明区,91350200769267070P,0592-2337955,chenxueting@ehomeol.cn,941,港澳台企业,-,房地产业,房地产业,物业管理,物业管理,-,厦门市思明区环岛东路1699号建发国际大厦7楼,-,曾有债券发行,一般项目：物业管理；房地产经纪；住房租赁；信息咨询服务（不含许可类信息咨询服务）；停车场服务；建筑材料销售；轻质建筑材料销售；石灰和石膏销售；地板销售；建筑陶瓷制品销售；建筑防水卷材产品销售；砖瓦销售；建筑用钢筋产品销售；建筑砌块销售；水泥制品销售；石棉水泥制品销售；石棉制品销售；建筑装饰材料销售；五金产品批发；五金产品零售；互联网销售（除销售需要许可的商品）；灯具销售；日用品批发；家具零配件销售；日用木制品销售；家具安装和维修服务；工程管理服务；家用电器安装服务；防腐材料销售；住宅水电安装维护服务；家政服务；日用百货销售；专业保洁、清洗、消毒服务；咨询策划服务；外卖递送服务；商业综合体管理服务。（除依法须经批准的项目外，凭营业执照依法自主开展经营活动）许可项目：高危险性体育运动（游泳）；餐饮服务（不含烧烤）【分支机构经营】。（依法须经批准的项目，经相关部门批准后方可开展经营活动，具体经营项目以相关部门批准文件或许可证件为准）
59,60.0,无锡五洲国际装饰城有限公司,在营,舒策城,3亿,人民币,2005-02-01,2022-06-17,江苏省,无锡市,惠山区,91320200770542754U,0510-68025616,wz@hkwzig.com,23,民营企业,有限责任公司,房地产业,房地产业,房地产开发经营,房地产开发经营,www.hkwzig.com,无锡市惠山经济开发区钱桥配套区（锡宜高速入口处）,-,曾有债券发行,经营自有房产；物业管理；房地产开发（地号为6303-88-1、6303-88-3、6303-89-1、6303-89-2、6303-89-5、6303-89-6、6303-89-7、6303-90-1、6303-90-2、6303-91-1、6303-91-2）（不含国家限制、禁止类项目，凭有效资质证书经营）。（依法须经批准的项目，经相关部门批准后方可开展经营活动）一般项目：停车场服务（除依法须经批准的项目外，凭营业执照依法自主开展经营活动）
60,61.0,世茂集团控股有限公司,在营,-,-,港元,2004-10-29,-,-,-,-,-,-,-,-,民营企业,股份有限公司,房地产业,房地产业,房地产开发经营,房地产开发经营,www.shimaogroup.hk,Cricket Square Hutchins Drive P.O. Box 2681 Grand Cayman KY1-1111 Cayman Islands,香港金钟道89号力宝中心第1座38楼,曾有债券发行,-
61,62.0,中天美好集团有限公司,在营,华学严,10亿,人民币,2004-10-22,2022-07-14,浙江省,杭州市,上城区,91330000768203921L,0571-28890557,xudan@ztmyhome.com,160,民营企业,有限责任公司,房地产业,房地产业,房地产开发经营,房地产开发经营,-,浙江省杭州市上城区中天钱塘银座608室,-,曾有债券发行,许可项目：房地产开发经营；住宅室内装饰装修；建设工程设计；建设工程施工(依法须经批准的项目，经相关部门批准后方可开展经营活动，具体经营项目以审批结果为准)。一般项目：物业管理；房地产咨询；房地产评估；房地产经纪；工程管理服务；市政设施管理；园林绿化工程施工；建筑材料销售；五金产品零售；非居住房地产租赁；住房租赁；企业管理咨询；住宅水电安装维护服务；酒店管理；养老服务；工程造价咨询业务(除依法须经批准的项目外，凭营业执照依法自主开展经营活动)。
62,63.0,鄂尔多斯市华研投资集团有限责任公司,在营,段永飞,"5,050万",人民币,2004-07-28,2022-09-05,内蒙古,鄂尔多斯市,东胜区,91150602764459356A,0477-8572913,872890454@qq.com,0,民营企业,有限责任公司,房地产业,房地产业,房地产开发经营,房地产开发经营,-,内蒙古自治区鄂尔多斯市东胜区华研物流园区第五号街坊1号楼101,内蒙古鄂尔多斯市东胜区南物流园区华研,曾有债券发行,对房地产业、物流业、建筑业、商业、服务业的投资，木材、货物存储（不含违禁品），建材、日用百货、家电、家居、服装鞋帽、针织品、化学制品（不含危险品）、乐器、土产、电器、计算机、打印机、复印件、传真机及配件、耗材、工艺品、金银、珠宝、玉器、首饰、体育用品、健身器材、玩具的批发、零售及网络营销，体育健身活动，网络工程，系统集成。
63,64.0,南京世茂房地产开发有限公司,在营,颜华,4.1亿,人民币,2004-07-23,2023-11-03,江苏省,南京市,鼓楼区,913201007621366256,025-58773399,-,79,民营企业,有限责任公司,房地产业,房地产业,-,-,-,南京市鼓楼区南通路118号3幢802室,-,曾有债券发行,许可项目：房地产开发经营（依法须经批准的项目，经相关部门批准后方可开展经营活动，具体经营项目以审批结果为准） 一般项目：酒店管理；商业综合体管理服务；非居住房地产租赁；房地产咨询；房地产经纪；物业管理（除依法须经批准的项目外，凭营业执照依法自主开展经营活动）
64,65.0,阳光壹佰物业发展有限公司,在营,柳建,"5,000万",人民币,2004-05-31,2023-11-16,湖南省,长沙市,岳麓区,91430000763252556P,0731-89725185,cswy@ss100.com.cn,21,民营企业,有限责任公司,房地产业,房地产业,物业管理,物业管理,www.ss100.com.cn,长沙市岳麓区南二环一段518号阳光壹佰国际新城1-84-2,-,曾有债券发行,许可项目：住宿服务；建筑劳务分包；施工专业作业；建设工程施工；邮政基本服务（邮政企业及其委托企业）；基础电信业务；住宅室内装饰装修；职业中介活动；餐饮服务；生活美容服务；特种设备安装改造修理；特种设备检验检测。（依法须经批准的项目，经相关部门批准后方可开展经营活动，具体经营项目以相关部门批准文件或许可证件为准）一般项目：物业管理；酒店管理；家政服务；住房租赁；停车场服务；洗车服务；机动车修理和维护；办公用品销售；针纺织品销售；服装服饰零售；五金产品零售；家具销售；日用百货销售；家具安装和维修服务；家居用品销售；食品销售（仅销售预包装食品）；保健食品（预包装）销售；食品互联网销售（仅销售预包装食品）；旅客票务代理；住宅水电安装维护服务；居民日常生活服务；房地产经纪；房地产咨询；市场营销策划；非居住房地产租赁；人力资源服务（不含职业中介活动、劳务派遣服务）；餐饮管理；日用品销售；化妆品零售；单位后勤管理服务；商业综合体管理服务；供应链管理服务；专业保洁、清洗、消毒服务；园林绿化工程施工；电子、机械设备维护（不含特种设备）；普通机械设备安装服务；专用设备修理；通用设备修理；信息系统集成服务；铁路运输辅助活动；信息系统运行维护服务；电气设备修理；外卖递送服务；消防技术服务；建设工程消防验收现场评定技术服务。（除依法须经批准的项目外，凭营业执照依法自主开展经营活动）
65,66.0,浙江佳源房地产集团有限公司,在营,沈玉兴,10.5亿,人民币,2004-03-29,2022-08-29,浙江省,嘉兴市,南湖区,91330402760173561M,0573-82207577,158282627@qq.com,35,民营企业,有限责任公司,房地产业,房地产业,房地产开发经营,房地产开发经营,www.zjjiayuan.com.cn,浙江省嘉兴市中环东路2297号,-,曾有债券发行,普通住宅的开发经营；自有房屋租赁服务；房地产营销策划。（依法须经批准的项目，经相关部门批准后方可开展经营活动）
66,67.0,上海仁杰河滨园房地产有限公司,在营,阮信坤,"2,800万",人民币,2004-03-03,2023-09-01,上海市,-,青浦区,91310118759573904X,021-59732999,-,2,民营企业,有限责任公司,房地产业,房地产业,房地产开发经营,房地产开发经营,-,上海市青浦区盈港东路8300弄6-7号1幢3层P区381室,-,曾有债券发行,房地产开发、经营，物业管理，自有房屋租赁，从事货物及技术的进出口业务。【依法须经批准的项目，经相关部门批准后方可开展经营活动】
67,68.0,重庆业瑞房地产开发有限公司,在营,肖洁,1.76亿,人民币,2003-12-01,2023-10-10,重庆市,-,沙坪坝区,915001067562131109,02368650105,cqhyrc@cqhyrc.com.cn,62,民营企业,有限责任公司,房地产业,房地产业,房地产开发经营,房地产开发经营,-,重庆市沙坪坝区华宇广场1号,-,曾有债券发行,房地产开发贰级（按资质证书核定的范围和期限从事经营）；房屋出租、出售（国家法律法规规定应经审批而未获批准前不得从事经营）*
68,69.0,融信(福建)投资集团有限公司,在营,刘熙,40.25亿,人民币,2003-09-23,2022-10-24,福建省,福州市,仓山区,91350100753146522F,0591-87952053,-,7,民营企业,有限责任公司,房地产业,房地产业,房地产开发经营,房地产开发经营,www.rongxingroup.com,福州市仓山区建新镇盘屿路5号奥体正祥城6号楼7层7-3,福州市仓山区建新镇盘屿路5号奥体正祥城6号楼7层7-3,曾有债券发行,对房地产业、交通运输业的投资；房地产开发（以资质证书为准）；商品房销售；建筑材料、计算机及软件销售；建筑工程和环保技术研发；自营和代理各类商品及技术的进出口，但国家限定公司经营和禁止进出口的商品和技术除外；企业管理咨询；市场营销策划；建设工程造价咨询；建筑工程项目管理。（依法须经批准的项目，经相关部门批准后方可开展经营活动）
69,70.0,广西荣和有限责任公司,在营,李斌,1.24亿,人民币,2003-08-27,2023-01-18,广西,南宁市,青秀区,91450000753715844B,0771-2268888,gxronghe@126.com,2,民营企业,有限责任公司,房地产业,房地产业,房地产开发经营,房地产开发经营,-,南宁市青秀区佛子岭路11号荣和E中心A座22楼,南宁市青秀区民族大道155号荣和山水美地一组团办公楼,曾有债券发行,许可项目：房地产开发经营；住宅室内装饰装修；建设工程施工（依法须经批准的项目，经相关部门批准后方可开展经营活动，具体经营项目以相关部门批准文件或许可证件为准）一般项目：住房租赁；房地产经纪；园林绿化工程施工；土石方工程施工；消防技术服务（除依法须经批准的项目外，凭营业执照依法自主开展经营活动）
70,71.0,融创西南房地产开发(集团)有限公司,在营,纪术元,10.1亿,人民币,2003-04-24,2022-09-06,重庆市,-,渝北区,915000007474974732,02389151888,-,120,民营企业,有限责任公司,房地产业,房地产业,房地产开发经营,房地产开发经营,www.sunac.com.cn,重庆市两江新区金山街道栖霞路16号1幢,-,曾有债券发行,许可项目：房地产开发经营；建设工程施工；建设工程勘察；注册会计师业务。（依法须经批准的项目，经相关部门批准后方可开展经营活动，具体经营项目以相关部门批准文件或许可证件为准） 一般项目：技术进出口；货物进出口；工程造价咨询业务；法律咨询（不含依法须律师事务所执业许可的业务）；建筑材料销售；市场营销策划；非居住房地产租赁；住房租赁；信息咨询服务（不含许可类信息咨询服务）；税务服务；企业形象策划；工程管理服务；企业管理；物业管理；房地产经纪；房地产咨询；人力资源服务（不含职业中介活动、劳务派遣服务）；旅客票务代理；旅游开发项目策划咨询；国内贸易代理；销售代理；互联网销售（除销售需要许可的商品）；农副产品销售；玩具、动漫及游艺用品销售。（除依法须经批准的项目外，凭营业执照依法自主开展经营活动）
71,72.0,印力商用置业有限公司,在营,丁力业,10.5亿,人民币,2003-04-11,2022-05-27,广东省,深圳市,福田区,91440300748870399Q,075533380288,panhong@scpgroup.com,-,港澳台企业,有限责任公司,房地产业,房地产业,房地产开发经营,房地产开发经营,-,深圳市福田区农林路69号深国投广场2号楼1201室,-,曾有债券发行,一般经营项目是：自有物业出租；商业信息咨询；从事货物、技术进出口业务(不含分销、国家专营专控商品)；非融资性担保业务(诉讼保全担保、财产保全担保、工程履约担保、工程支付担保、投标担保、预付款担保、尾付款如约偿付担保、原材料赊购担保、设备分期付款担保、租赁合同担保、财政支付担保、联合担保、仓储监管担保、其他经济合同担保以及与担保业务有关的投融资咨询和财务顾问等中介服务。不得从事吸收存款、集资收款、受托贷款、发行票据、发放贷款等国家金融监管及财政信用业务。)；国内贸易(不含专营、专卖、专控商品)；家具及家居用品、家用电器、数码产品及其配件、照相器材、厨房用具、纺织品、针织品、服装鞋帽及箱包、化妆品、护肤品、个人护理用品、卫生用品、办公用品、体育用品及器材、文化用品、玩具、日用百货、汽车零配件、汽车装潢用品、珠宝首饰、金银饰品、工艺美术品(象牙及其制品除外)、通讯设备、电子产品、建筑装潢材料、花卉、宠物用品、园艺及烧烤用品的批发和销售；保健用品、初级农产品的销售。(法律、行政法规、国务院决定禁止的项目除外，限制的项目须取得许可后方可经营)，许可经营项目是：深国投广场机动车辆停放业务；增值电信业务；保健食品、食品、饮料、酒、农副食品的批发和销售；预包装食品、散装食品、冷藏冷冻食品、婴儿配方奶粉的批发和销售。
72,73.0,浙江万厦房地产开发有限公司,在营,虞云新,5亿,人民币,2003-03-26,2022-06-02,浙江省,金华市,义乌市,913307821476442069,85029168,zjwansha@163.com,52,民营企业,有限责任公司,房地产业,房地产业,房地产开发经营,房地产开发经营,-,浙江省义乌市江东街道新光南路3号,-,曾有债券发行,房地产开发和经营(与有效资质证书同时使用)
73,74.0,上海新城万嘉房地产有限公司,在营,唐云龙,"9,000万",人民币,2003-03-19,2022-12-08,上海市,-,嘉定区,9131011474807355XT,021-32577252,huangjh@xincheng.com,129,民营企业,有限责任公司,房地产业,房地产业,房地产开发经营,房地产开发经营,-,上海市嘉定区柳梁路155弄4号,-,曾有债券发行,房地产开发经营，自有房屋租赁，室内外装潢工程，房地产经纪，建材的销售。【依法须经批准的项目，经相关部门批准后方可开展经营活动】
74,75.0,上海新湖绿城物业服务有限公司,在营,陈沧海,"2,000万",人民币,2003-02-18,2023-12-05,上海市,-,普陀区,913101077472874332,021-61427128,514946788@QQ.COM,76,民营企业,有限责任公司,房地产业,房地产业,物业管理,物业管理,-,上海市普陀区东新路88弄36号底层甲室,-,曾有债券发行,一般项目：物业管理；酒店管理；医院管理；市政设施管理；城乡市容管理；企业管理咨询；房地产经纪；房地产咨询；人力资源服务（不含职业中介活动、劳务派遣服务）；家政服务；专业保洁、清洗、消毒服务；建筑物清洁服务；餐饮管理；单位后勤管理服务；日用百货销售；服装服饰零售；办公用品销售；家具销售；通信设备销售；汽车零配件零售；五金产品零售；建筑材料销售；体育用品及器材零售；体育用品设备出租；停车场服务；物联网应用服务；信息技术咨询服务；信息咨询服务（不含许可类信息咨询服务）；信息系统集成服务；会议及展览服务；园林绿化工程施工；城市绿化管理；住宅水电安装维护服务；电子、机械设备维护（不含特种设备）；通用设备修理；健身休闲活动；病人陪护服务；电动汽车充电基础设施运营；办公服务；咨询策划服务；企业形象策划；市场营销策划；礼仪服务；组织文化艺术交流活动；文艺创作；摄影扩印服务；代驾服务；水污染治理；大气污染治理；污水处理及其再生利用；技术服务、技术开发、技术咨询、技术交流、技术转让、技术推广。（除依法须经批准的项目外，凭营业执照依法自主开展经营活动）许可项目：道路货物运输（不含危险货物）；职业中介活动；城市生活垃圾经营性服务。（依法须经批准的项目，经相关部门批准后方可开展经营活动，具体经营项目以相关部门批准文件或许可证件为准）
75,76.0,融创房地产集团有限公司,在营,汪孟德,150.15亿,人民币,2003-01-31,2023-04-14,天津市,-,西青区,9112011174665940XA,022-23937799,dingchao@sunac.com.cn,82,民营企业,有限责任公司,房地产业,房地产业,房地产开发经营,房地产开发经营,www.sunac.com.cn,天津市西青经济技术开发区赛达新兴产业园C座6层6-099,北京市城区东直门北大街8号使馆壹号院4号楼,曾有债券发行,房地产开发及商品房销售；物业管理；室内外装饰；自有房屋租赁；房地产信息咨询（不含中介）；企业管理信息咨询服务；建筑材料批发兼零售；货物进出口（国家法律法规禁止的除外）。（以上经营范围涉及行业许可的凭许可证件，在有效期限内经营，国家有专项专营规定的按规定办理。）
76,77.0,厦门中骏集团有限公司,在营,郑晓乐,17.79亿,港元,2003-01-28,2023-08-03,福建省,厦门市,湖里区,913502006120495420,13600922036,chenqiaol@sce-re.com,15,民营企业,有限责任公司,房地产业,房地产业,房地产开发经营,房地产开发经营,www.sce-cn.com,中国（福建）自由贸易试验区厦门片区高崎南五路208号10楼1002室,上海市闵行区申长路1688弄2号中骏集团大厦,曾有债券发行,经营各类商品和技术的进出口（不另附进出口商品目录），但国家限定公司经营或禁止进出口的商品及技术除外；建材批发；金属及金属矿批发（不含危险化学品和监控化学品）；汽车零配件批发；五金产品批发；企业管理咨询；提供企业营销策划服务；园林景观和绿化工程设计；建设工程勘察设计。（以上商品不涉及国营贸易管理商品，涉及配额、许可证管理商品的，按国家有关规定办理申请）
77,78.0,苏州工业园区华成房地产开发有限公司,在营,朱绍猛,1亿,人民币,2002-12-10,2023-01-10,江苏省,苏州市,吴中区,91320594744824707X,021-52036333,zhoulei12@zldcgroup.com,6,民营企业,有限责任公司,房地产业,房地产业,房地产开发经营,房地产开发经营,www.zldcgroup.com,苏州工业园区娄葑分区商业街16号三楼,-,曾有债券发行,房地产开发；自有房屋出租;房地产信息咨询；财务咨询。（依法须经批准的项目，经相关部门批准后方可开展经营活动）
78,79.0,新疆广汇物业管理有限公司,在营,王强,500万,人民币,2002-12-09,2023-03-09,新疆,乌鲁木齐市,天山区,91650102745207014E,0991-2855852,563363188@qq.com,844,民营企业,有限责任公司,房地产业,房地产业,物业管理,物业管理,www.xjghwy.cn,新疆乌鲁木齐市天山区新华南路68号广汇大厦10楼A座,-,曾有债券发行,"物业管理，房屋租赁、维修、养护,楼宇机电配套设备管理、维修，庭园绿化，家政服务，家电维修，商务中心，中国民用航空机票销售代理，房地产经纪，社会经济咨询，国内各类广告发布、设计、制作、代理，非占道停车服务。（依法须经批准的项目，经相关部门批准后方可开展经营活动）"
79,80.0,重庆龙湖企业拓展有限公司,在营,张旭忠,13.08亿,人民币,2002-10-18,2023-04-03,重庆市,-,-,91500000202879682L,02367732108,-,57,民营企业,有限责任公司,房地产业,房地产业,房地产开发经营,房地产开发经营,www.longfor.com,重庆市两江新区礼贤路12号1幢4008号,北京市朝阳区红军营东路6号龙湖蓝海引擎产业园,曾有债券发行,许可项目：房地产开发经营，保健食品销售，食品经营，出版物零售，药品零售，道路货物运输（不含危险货物），餐饮服务（依法须经批准的项目，经相关部门批准后方可开展经营活动，具体经营项目以相关部门批准文件或许可证件为准）一般项目：第一类医疗器械销售，农副产品销售，日用百货销售，家用电器销售，日用家电零售，日用品零售，家用视听设备销售，通讯设备销售，电子元器件与机电组件设备销售，针纺织品销售，母婴用品销售，服装服饰批发，服装服饰零售，体育用品及器材零售，体育用品及器材批发，消防器材销售，珠宝首饰批发，珠宝首饰零售，汽车零配件零售，摩托车及零配件零售，摩托车及零配件批发，机械设备销售，工艺美术品及收藏品零售（象牙及其制品除外），工艺美术品及收藏品批发（象牙及其制品除外），五金产品批发，五金产品零售，仪器仪表销售，照相器材及望远镜批发，照相器材及望远镜零售，家具销售，厨具卫具及日用杂品批发，建筑材料销售，礼品花卉销售，玩具、动漫及游艺用品销售，箱包销售，橡胶制品销售，卫生洁具销售，塑料制品销售，化妆品零售，化妆品批发，卫生用品销售，个人卫生用品销售，鞋帽批发，鞋帽零售，文具用品零售，文具用品批发，化工产品销售（不含许可类化工产品），计算机软硬件及辅助设备批发，计算机软硬件及辅助设备零售，非居住房地产租赁，住房租赁，房地产经纪，物业管理，外卖递送服务，装卸搬运，国际货物运输代理，包装服务，市场营销策划，居民日常生活服务，其他文化艺术经纪代理，信息咨询服务（不含许可类信息咨询服务），广告设计、代理，广告制作，广告发布（非广播电台、电视台、报刊出版单位），会议及展览服务，组织文化艺术交流活动，商业综合体管理服务，停车场服务，摄影扩印服务（除依法须经批准的项目外，凭营业执照依法自主开展经营活动）
80,81.0,上海三盛宏业投资(集团)有限责任公司,在营,陈建铭,10.02亿,人民币,2002-09-20,2019-07-31,上海市,-,松江区,91310000743282694F,021-31785888,-,35,民营企业,有限责任公司,房地产业,房地产业,房地产开发经营,房地产开发经营,www.sshy.cn,上海市松江区九亭镇虬泾路118号,上海市松江区九亭镇虬泾路118号,曾有债券发行,企业投资实业，实体投资，五金交电，建材，日用百货，家用电器，对物业管理行业投资，经营各类商品和技术的进出口（不另附进出口商品目录），但国家限定公司经营或禁止进出口的商品及技术除外，企业管理咨询，商务信息咨询服务，自有房屋租赁。【依法须经批准的项目，经相关部门批准后方可开展经营活动】
81,82.0,大连万达商业管理集团股份有限公司,在营,肖广瑞,271.64亿,人民币,2002-09-16,2023-08-25,辽宁省,大连市,西岗区,912102007409339654,010-85853888,IR@wanda.cn,0,民营企业,股份有限公司,房地产业,房地产业,房地产开发经营,房地产开发经营,www.wandaplazas.com,辽宁省大连市西岗区长江路539号,北京市朝阳区建国路93号万达广场B座办公楼,曾有债券发行,许可项目：建设工程设计，代理记账（依法须经批准的项目，经相关部门批准后方可开展经营活动，具体经营项目以审批结果为准）一般项目：商业综合体管理服务，非居住房地产租赁，物业管理，规划设计管理，财务咨询，企业管理咨询，信息咨询服务（不含许可类信息咨询服务），信息技术咨询服务，信息系统集成服务，工程管理服务，货物进出口，技术进出口（除依法须经批准的项目外，凭营业执照依法自主开展经营活动）
82,83.0,北京鸿坤伟业房地产开发有限公司,在营,张志龙,22亿,人民币,2002-08-20,2024-01-11,北京市,-,大兴区,91110115742336339R,010602440288,songhl@hongkun.com.cn,35,民营企业,有限责任公司,房地产业,房地产业,房地产开发经营,房地产开发经营,www.hongkun.com.cn,北京市大兴区西红门镇寿保庄鸿坤金融谷1号楼201-68,北京市大兴区西红门镇宏福路8号鸿坤集团,曾有债券发行,房地产开发，销售商品房；房地产信息咨询（中介除外）；出租办公用房；企业管理咨询；工程管理服务。（市场主体依法自主选择经营项目，开展经营活动；依法须经批准的项目，经相关部门批准后依批准的内容开展经营活动；不得从事国家和本市产业政策禁止和限制类项目的经营活动。）
83,84.0,北京合生北方房地产开发有限公司,在营,盛廷会,500万,美元,2002-06-25,2023-08-31,北京市,-,朝阳区,91110000739352098T,87777066,173924237@qq.com,164,外资企业,有限责任公司,房地产业,房地产业,房地产开发经营,房地产开发经营,-,北京市朝阳区广渠路28号215号楼1层215-南121b号,-,曾有债券发行,以下项目限分支机构经营：为接受本酒店服务的客人零售包装食品、酒、饮料；住宿；洗衣服务；美容服务；制售中西餐（含冷荤凉菜）；开发、建设、出租、出售朝阳区大望路23号北京化工实验厂规划确定的一、二期范围内及通州区中关村科技园区通州园金桥科技产业基地环科中路5-150号的开发建设的房屋及物业管理；机动车公共停车场服务；以下项目限分支机构经营：健身服务；商务中心；为接受本酒店服务的客人零售工艺美术品。（市场主体依法自主选择经营项目，开展经营活动；依法须经批准的项目，经相关部门批准后依批准的内容开展经营活动；不得从事国家和本市产业政策禁止和限制类项目的经营活动。）
84,85.0,祥源控股集团有限责任公司,在营,俞红华,9亿,人民币,2002-04-29,2023-07-11,浙江省,绍兴市,越城区,91330600738429313G,0575-88203818,yeshengkun@sunriver.cn,0,民营企业,有限责任公司,房地产业,房地产业,房地产开发经营,房地产开发经营,-,浙江省绍兴市越城区灵芝街道后墅路299号祥源大厦1601-1室,安徽省合肥市濉溪路310号祥源广场A座,曾有债券发行,实业投资；市场设施开发与服务；旅游开发及投资；批发、零售：家用电器及配件、电子产品及配件、机电设备及配件；企业管理咨询服务。（依法须经批准的项目，经相关部门批准后方可开展经营活动）
85,86.0,湖北国创高新材料股份有限公司,在营,高攀文,9.16亿,人民币,2002-03-25,2023-08-18,湖北省,武汉市,洪山区,91420000737132913D,027-87617347,hb_guochuanggaoxin@qq.com,78,民营企业,股份有限公司,房地产业,房地产业,房地产中介服务,房地产中介服务,www.guochuang.com.cn,湖北省武汉市东湖新技术开发区武大园三路8号,湖北省武汉东湖开发区武大科技园武大园三路八号国创高科实业集团办公大楼,曾有债券发行,"沥青系列产品的研发、生产、销售、仓储及物流;承接沥青路面工程;环保工程技术开发及应用;电子产品及相关设备的销售;计算机软件、硬件及相关网络技术的开发、设计、技术咨询和销售;企业管理咨询,房产经纪,房产信息咨询,自有物业租赁;货物进出口、技术服务、技术咨询、技术进出口(国家限制和禁止进出口的货物和技术除外)。"
86,87.0,上海紫竹高新区(集团)有限公司,在营,沈雯,25亿,人民币,2002-03-11,2021-10-21,上海市,-,闵行区,913100007366636160,021-61212288,liudong@zizhupark.com,75,民营企业,有限责任公司,房地产业,房地产业,房地产开发经营,房地产开发经营,www.zizhupark.com,上海市闵行区剑川路468号,上海市闵行区东川路555号1号楼3楼,曾有债券发行,实业投资，创业投资，产业孵化及投资服务，土地开发，房地产开发、经营、销售，商务咨询，企业管理咨询，国内贸易，物业管理。【依法须经批准的项目，经相关部门批准后方可开展经营活动】
87,88.0,福建阳光集团有限公司,在营,吴洁,79.6亿,人民币,2002-02-06,2019-06-19,福建省,福州市,马尾区,91350000735658436D,-,-,0,民营企业,有限责任公司,房地产业,房地产业,房地产开发经营,房地产开发经营,www.fzyggjxx.net,福建省福州市马尾区罗星街道登龙路99号,福建省福州市台江区宁化街道望龙二路1号福州国际金融中心47楼,曾有债券发行,计算机软硬件的研发；对信息技术服务业、教育业、环保业、金融业、医疗业的投资；企业管理咨询服务；机械设备、建材、室内装饰材料、电梯、矿产品、焦炭、金属材料、化工产品（不含危险化学品及易制毒化学品）、化肥、润滑油、燃料油、塑料制品、橡胶制品、饲料、煤炭的销售；对外贸易；批发兼零售预包装食品；批发兼零售乳制品（含婴幼儿配方奶粉）；黄金销售（不含黄金交易）；市政公用工程、园林绿化工程、建筑装修装饰工程、建筑工程的施工；花卉种植。（依法须经批准的项目，经相关部门批准后方可开展经营活动）
88,89.0,银城地产集团股份有限公司,在营,黄清平,2.75亿,人民币,2001-12-27,2021-10-25,江苏省,南京市,鼓楼区,91320100135237435X,025-86500111,01018@ycdc.com,17,民营企业,股份有限公司,房地产业,房地产业,房地产开发经营,房地产开发经营,-,南京市鼓楼区江东北路289号2101室,-,曾有债券发行,房地产开发、商品房销售；商品房租赁；建筑装潢；建筑设计；自营和代理各类商品和技术的进出口业务（国家限定公司经营或禁止进出口的商品和技术除外）；实业投资。（依法须经批准的项目，经相关部门批准后方可开展经营活动）
89,90.0,朗诗集团股份有限公司,在营,周鲲鹏,2.41亿,人民币,2001-12-24,2024-01-26,江苏省,南京市,浦口区,91320191733161493Q,025-84221048,-,6,民营企业,股份有限公司,房地产业,房地产业,房地产开发经营,房地产开发经营,www.landsea.cn,南京高新技术开发区28幢328室,南京市建邺路108号,曾有债券发行,房地产开发、咨询服务；自建房租赁；商品房销售及售后服务；建筑装饰材料、建筑机械、金属材料、水暖、电器器材销售；自营和代理各类商品和技术的进出口，但国家限定公司经营或禁止进出口的商品和技术除外；建筑材料生产、销售；建筑科技开发。（依法须经批准的项目，经相关部门批准后方可开展经营活动）
90,91.0,成都市花样年房地产开发有限公司,在营,吴建民,"7,561万",人民币,2001-10-18,2022-06-09,四川省,成都市,金牛区,91510100732348651B,028-86750606,-,16,港澳台企业,有限责任公司,房地产业,房地产业,房地产开发经营,房地产开发经营,-,成都市金牛区白果林小区青西路6号,-,曾有债券发行,房地产开发经营、货物进出口；项目投资、投资咨询（不得从事非法集资、吸收公众资金等金融活动）；酒店管理；（以下仅限分支机构凭许可证在有效期内经营经）：西餐类制售（含凉菜；不含裱花蛋糕、生食海产品、鲜榨果蔬汁）、冷热饮品制售、职工食堂（不含凉菜、裱花蛋糕、生食海产品、鲜榨果蔬汁）、饭馆、酒吧、住宿、公共浴室（桑拿中心）、游泳场、宾馆。（依法须经批准的项目，经相关部门批准后方可开展经营活动）。
91,92.0,山东东海房地产开发集团有限公司,在营,韩海波,5亿,人民币,2001-10-13,2021-07-29,山东省,德州市,德城区,91371400735763076A,0534-2100730,273146080@qq.com,409,港澳台企业,有限责任公司,房地产业,房地产业,房地产开发经营,房地产开发经营,-,山东省德州市经济技术开发区东海路6号,-,曾有债券发行,房地产开发、商品房销售、建材销售；组织文化艺术交流活动；会议及展览服务；企业管理咨询服务（未经金融监管部门批准，不得从事吸收存款、融资担保、代客理财等金融业务）（依法须经批准的项目，经相关部门批准后方可开展经营活动）。
92,93.0,凯华控股集团有限公司,在营,郑凯,1.37亿,人民币,2001-09-06,2023-09-22,广东省,广州市,海珠区,91440101731584118M,020-88993717,khns@khc.com,90,民营企业,有限责任公司,房地产业,房地产业,房地产租赁经营,房地产租赁经营,www.khc.com,广州市海珠区金纺路2号F7001,-,曾有债券发行,企业总部管理;企业管理;企业管理咨询;品牌管理;非居住房地产租赁;物业管理;停车场服务;以自有资金从事投资活动;信息系统集成服务;互联网销售（除销售需要许可的商品）;信息技术咨询服务;软件开发;数据处理服务;数据处理和存储支持服务;信息咨询服务（不含许可类信息咨询服务）;工程管理服务;工程技术服务（规划管理、勘察、设计、监理除外）;广告制作;广告发布;广告设计、代理;平面设计;市场营销策划;咨询策划服务;项目策划与公关服务;组织文化艺术交流活动;会议及展览服务;社会经济咨询服务;国内贸易代理;检验检测服务;货物进出口;进出口代理
93,94.0,世纪金源投资集团有限公司,在营,黄涛,10亿,人民币,2001-07-11,2019-12-19,北京市,-,海淀区,91110108726361876L,010-88468888,huangqinyuan@cgr.com.cn,167,民营企业,有限责任公司,房地产业,房地产业,房地产开发经营,房地产开发经营,www.grgroup.com.cn,北京市海淀区远大路1号金源时代购物中心650号,北京市海淀区蓝晴路1号世纪金源集团办公楼,曾有债券发行,项目投资；资产管理；企业管理。（企业依法自主选择经营项目，开展经营活动；依法须经批准的项目，经相关部门批准后依批准的内容开展经营活动；不得从事本市产业政策禁止和限制类项目的经营活动。）
94,95.0,融科智地科技股份有限公司,在营,宁旻,2.7亿,人民币,2001-06-11,2021-01-26,北京市,-,海淀区,911101087263421223,010-62509298,wangyua@legendholdings.com.cn,0,民营企业,股份有限公司,房地产业,房地产业,房地产开发经营,房地产开发经营,-,北京市海淀区科学院南路2号院1号楼12层1209A,-,曾有债券发行,建筑软件技术开发；出租办公用房；出租商业用房；物业管理；机动车公共停车场服务；销售建筑材料；专业承包；会议服务；承办展览展示活动；经济信息咨询；企业管理咨询。（市场主体依法自主选择经营项目，开展经营活动；依法须经批准的项目，经相关部门批准后依批准的内容开展经营活动；不得从事国家和本市产业政策禁止和限制类项目的经营活动。）
95,96.0,广州市时代控股集团有限公司,在营,周四阳,8.3亿,美元,2001-05-09,2021-07-06,广东省,广州市,越秀区,91440101728232939L,13119579121,luzifeng@timesgroup.cn,129,民营企业,有限责任公司,房地产业,房地产业,房地产开发经营,房地产开发经营,www.timesgroup.cn,广州市越秀区东风路410-412号第37层自编9房,中国广州市东风中路410号时代地产中心36-38楼,曾有债券发行,房地产开发经营（主题公园，别墅除外）;自有房地产经营活动;房屋租赁;物业管理;企业自有资金投资;
96,97.0,野风集团房地产股份有限公司,在营,俞红,25亿,人民币,2001-04-10,2020-12-14,浙江省,杭州市,拱墅区,91330000710978265X,13588401957,82562829@qq.com,29,民营企业,股份有限公司,房地产业,房地产业,房地产开发经营,房地产开发经营,www.yffc.cn,杭州市绍兴路187号西楼8楼,-,曾有债券发行,房地产开发、经营，房产中介、自有房屋出租。
97,98.0,上海世茂建设有限公司,在营,许世坛,31.4亿,人民币,2001-03-16,2023-10-24,上海市,-,浦东新区,91310115703254170G,021-38611111,-,0,民营企业,有限责任公司,房地产业,房地产业,房地产开发经营,房地产开发经营,-,中国（上海）自由贸易试验区民生路600号16幢401室,上海市浦东新区潍坊西路55号,曾有债券发行,房地产开发、经营、旧房改造及经营（含出租、出售）、物业管理、室内装潢、企业管理咨询。【依法须经批准的项目，经相关部门批准后方可开展经营活动】
98,99.0,开元旅业集团有限公司,在营,陈灿荣,10亿,人民币,2001-01-09,2023-12-19,浙江省,杭州市,萧山区,913301091435883585,057182888888,Brand@kaiyuangroup.com,50,民营企业,有限责任公司,房地产业,房地产业,房地产开发经营,房地产开发经营,-,浙江省杭州萧山区市心中路818号十七楼,浙江省杭州萧山区市心中路818号十七楼,曾有债券发行,一般项目：旅游项目咨询服务；企业投资及管理；投资咨询服务（未经金融等监管部门批准，不得从事向公众融资存款，金融担保，代客理财等金融服务）；企业管理服务；企业形象策划；销售：金属材料、贵金属、有色金属、钢材；货物及技术进出口业务**(除依法须经批准的项目外，凭营业执照依法自主开展经营活动)。
99,100.0,宁波奥克斯置业有限公司,在营,吴煜,12亿,人民币,2000-12-13,2022-11-21,浙江省,宁波市,鄞州区,9133021272640280XK,88220392,825421226@qq.com,102,民营企业,有限责任公司,房地产业,房地产业,房地产开发经营,房地产开发经营,-,宁波市鄞州区潘火街道潘火桥村,上海市浦东新区浦东南路1271号华融大厦26F,曾有债券发行,房地产开发及物业管理；建筑材料的批发、零售；室内外装潢服务；实业投资；投资咨询；自有房屋租赁；建筑工程管理服务；自营或代理货物和技术的进出口，但国家限制经营或禁止进出口的货物和技术除外。【未经金融等监管部门批准不得从事吸收存款、融资担保、代客理财、向社会公众集（融）资等金融业务】（依法须经批准的项目，经相关部门批准后方可开展经营活动）
100,101.0,当代节能置业股份有限公司,在营,张鹏,30亿,人民币,2000-09-21,2021-07-14,北京市,-,东城区,91110101722614768W,010-84407008,jiangli@modernland.hk,1,民营企业,股份有限公司,房地产业,房地产业,房地产开发经营,房地产开发经营,www.modernland.hk,北京市东城区香河园街1号10号楼当代节能置业中心三、四层,北京市东城区香河园街1号10号楼当代节能置业中心三、四层,曾有债券发行,房地产开发，销售自行开发的商品房；建筑节能技术服务；节能楼宇控制技术服务、技术培训；技术开发、技术推广、技术转让、技术中介服务；建设工程项目管理；货物进出口、技术进出口、代理进出口；经济信息咨询；会议服务；承办展览展示活动；酒店管理；汽车租赁；设计、制作、发布、代理广告；销售服装鞋帽、体育用品、文化用品、家用电器、珠宝首饰、工艺美术品、针纺织品、日用品；打字、复印、传真；花卉租摆；出租商业用房；以下内容限分支机构经营：住宿（卫生许可证有效期至2024年03月31日）；游泳（高危险性体育项目经营许可证有效期至2021年10月19日）；航空客运销售代理；（大型餐馆）热食类食品制售；冷食类食品制售；自制饮品制售，限普通饮品；预包装食品销售，含冷藏冷冻食品；散装食品销售，含冷藏冷冻食品、不含熟食（食品经营许可证有效期至2023年01月01日）；（中型餐馆）糕点类食品制售，含裱花蛋糕；自制饮品制售，限普通饮品；预包装食品销售，含冷藏冷冻食品；散装食品销售，含冷藏冷冻食品、不含熟食（食品经营许可证有效期至2022年09月11日）。（市场主体依法自主选择经营项目，开展经营活动；依法须经批准的项目，经相关部门批准后依批准的内容开展经营活动；不得从事国家和本市产业政策禁止和限制类项目的经营活动。）
101,102.0,旭辉集团股份有限公司,在营,傅珮,35亿,人民币,2000-08-15,2023-11-17,上海市,-,青浦区,913100001321468885,18205007387,-,174,民营企业,-,房地产业,房地产业,房地产开发经营,房地产开发经营,www.cifi.com.cn,上海市青浦区练塘镇朱枫公路3534弄1号4幢1层103室,上海市闵行区申虹路1088弄39号,曾有债券发行,房地产开发、经营，实业投资，室内装潢，社会经济咨询，计算机软件开发，销售建材、装潢材料，建设工程项目管理，建设工程项目代理，建设工程咨询。【依法须经批准的项目，经相关部门批准后方可开展经营活动】
102,103.0,广州番禺雅居乐房地产开发有限公司,在营,王建中,5亿,人民币,2000-03-27,2023-09-26,广东省,广州市,番禺区,91440113721995095J,020-34761047,lvpeijie@agile.com.cn,109,民营企业,有限责任公司,房地产业,房地产业,房地产开发经营,房地产开发经营,-,广州市番禺区南村镇员岗村广州雅居乐花园会所,广州市番禺区南村镇草堂村88号剑桥郡国际文化中心3楼,曾有债券发行,房地产开发经营;物业管理;房地产咨询服务;自有房地产经营活动;房屋租赁;场地租赁（不含仓储）;
103,104.0,远洋亿家物业服务股份有限公司,在营,杨德勇,7.04亿,人民币,1999-09-09,2023-05-29,北京市,-,怀柔区,91110116700231563Q,01085642300,yyyjwygs@oceanhomeservice.com,380,港澳台企业,-,房地产业,房地产业,物业管理,物业管理,www.oceanhomeplus.com,北京市怀柔区雁栖经济开发区雁栖大街31号,北京市朝阳区朝阳体育中心东侧路甲518号C座1层,曾有债券发行,物业管理；房地产经纪；停车场服务；信息技术咨询服务；技术服务、技术开发、技术咨询、技术交流、技术转让、技术推广；信息系统集成服务；人工智能应用软件开发；人工智能公共数据平台；对外承包工程；专业保洁、清洗、消毒服务；建筑物清洁服务。（除依法须经批准的项目外，凭营业执照依法自主开展经营活动）；食品销售；建筑劳务分包。（依法须经批准的项目，经相关部门批准后方可开展经营活动，具体经营项目以相关部门批准文件或许可证件为准）（不得从事国家和本市产业政策禁止和限制类项目的经营活动。）
104,105.0,幸福基业物业服务有限公司,在营,黎毓珊,"5,000万",人民币,1999-08-10,2023-03-27,河北省,廊坊市,广阳区,91131003715899152B,18330656699,gongsilianxiren@cfldcn.com,1141,民营企业,有限责任公司,房地产业,房地产业,物业管理,物业管理,-,河北省廊坊市广阳区第五大街商业街坊HB118号,-,曾有债券发行,一般项目：物业管理；家政服务；专业保洁、清洗、消毒服务；农作物病虫害防治服务；停车场服务；房地产经纪；住房租赁；大气环境污染防治服务；水环境污染防治服务；环境保护监测；城乡市容管理；城市绿化管理；市政设施管理；防洪除涝设施管理；城市公园管理；游览景区管理；体育场地设施经营（不含高危险性体育运动）；游乐园服务；广告设计、代理；广告制作；广告发布；酒店管理；会议及展览服务；知识产权服务（专利代理服务除外）；企业管理咨询；人力资源服务（不含职业中介活动、劳务派遣服务）；办公用品销售；体育用品及器材零售；针纺织品销售；日用百货销售；服装服饰零售；鞋帽零售；五金产品零售；电气设备销售；化工产品销售（不含许可类化工产品）；农副产品销售；食品销售（仅销售预包装食品）；电子产品销售；技术进出口；货物进出口；国内贸易代理；互联网销售（除销售需要许可的商品）；居民日常生活服务；住宅水电安装维护服务；污水处理及其再生利用；热力生产和供应（不含燃煤、燃油热力生产）。（除依法须经批准的项目外，凭营业执照依法自主开展经营活动）许可项目：特种设备检验检测；城市生活垃圾经营性服务；公路管理与养护；餐饮服务；道路货物运输（不含危险货物）；自来水生产与供应。（依法须经批准的项目，经相关部门批准后方可开展经营活动，具体经营项目以相关部门批准文件或许可证件为准）
105,106.0,江西省正荣房地产开发有限公司,在营,裴玉琴,10.01亿,人民币,1999-07-09,2023-05-04,江西省,宜春市,袁州区,91360902705734039F,079******,huangyh3@zhenro.com,3,民营企业,有限责任公司,房地产业,房地产业,房地产开发经营,房地产开发经营,www.zhenro.com,江西省宜春市袁州区卢洲北路599号（御品滨江）,江西省宜春市袁州区卢洲北路599号(御品滨江),曾有债券发行,许可项目：房地产开发经营，建设工程施工（依法须经批准的项目，经相关部门批准后在许可有效期内方可开展经营活动，具体经营项目和许可期限以相关部门批准文件或许可证件为准） 一般项目：土石方工程施工，物业管理，建筑装饰材料销售，家用电器销售，日用百货销售（除依法须经批准的项目外，凭营业执照依法自主开展经营活动）
106,107.0,佳兆业集团(深圳)有限公司,在营,黄木开,34.76亿,人民币,1999-06-03,2022-05-24,广东省,深圳市,龙岗区,91440300715201631K,13316856007,chencuiyu@kaisagroup.com,0,民营企业,有限责任公司,房地产业,房地产业,房地产开发经营,房地产开发经营,-,深圳市龙岗区坂田雪岗南路137号宝吉行政办公楼218室,-,曾有债券发行,一般经营项目是：在合法取得土地使用权范围内从事房地产开发经营业务；同意在本市设立一家非法人分支机构。在深圳市罗湖区宗地号为H308-0048、H308-0049、H308-0050的土地上从事房地产开发经营业务。深圳市盐田三村、四村和西山吓村整体搬迁项目改造。国内货运代理。供应链管理咨询。房地产经纪，房地产代理销售、策划及咨询服务。，许可经营项目是：增加：游泳池、健身房、乒乓球室、桌球室、网球场、咖啡吧、中西餐厅。增加：美容美发。增加：从事桂芳园停车场机动车停放服务。
107,108.0,星河实业(深圳)有限公司,在营,刘世成,1.16亿,美元,1999-05-31,2022-07-20,广东省,深圳市,龙华区,91440300708441151X,23957467,szxhsy2023@163.com,0,民营企业,有限责任公司,房地产业,房地产业,房地产租赁经营,房地产租赁经营,-,深圳市龙华区民治街道民乐社区星河WORLD二期C栋1406B,深圳市福田区中心五路星河发展中心大厦20楼,曾有债券发行,从事电子元器件、工艺品、计算机软硬件、办公室自动化产品开发与设计业务。增加：从事福田区B117-0015地块、龙华新城核心城区01-01-01地块的房地产开发经营。从事酒店的经营管理。（以下项目以分公司另行申报经营）：商务中心；健身房、游泳池、经营内设小商场：从事日用百货、钟表、黄金（不含原材料）、珠宝（不含裸钻）、服装、皮具、鞋类、箱包、文具；自有房屋租赁。^经营旅业；经营内设：糕点制售；中西餐厅、酒吧（不设厨房；不含卡拉OK、文艺表演项目）、酒廊；酒类零售（涉及专项规定管理的商品按国家有关规定办理）。美容美发（不含医疗美容）、水疗保健服务（具体为：公共浴室）；烟草零售。增加：从事沙嘴红旗岭综合楼停车场机动车停放服务。增加：福田区星河明居停车场机动车停放服务。增加：福田区怡和楼停车场机动车停放服务。增加：福田区星河雅居停车场机动车停放服务。增加：在深圳市设立五个非独立法人分支机构。增加：福田区福强路福民新村东侧星河华居停车场机动车停放服务;福田区福华三路星河发展中心地下停车场机动车停放服务。
108,109.0,重庆协信远创实业有限公司,在营,田铭新,26.67亿,人民币,1999-04-08,2021-09-13,重庆市,-,南岸区,91500108203322739K,02180227554,tusincere@sincere.com.cn,0,外资企业,有限责任公司,房地产业,房地产业,房地产开发经营,房地产开发经营,-,重庆市南岸区江南大道28号3商业（协信星光时代广场3F-039）,重庆市江北区洋河一路68号协信中心C座27楼,曾有债券发行,许可项目：园林景观设计，从事建筑相关业务（依法须经批准的项目，经相关部门批准后方可开展经营活动，具体经营项目以相关部门批准文件或许可证件为准）一般项目：销售：建筑材料、装饰材料（均不含化学危险品）；工艺品设计；设计、制作、代理、发布国内外广告；商务信息咨询；房地产营销策划；房地产中介（不含房地产评估）；房地产信息咨询。（除依法须经批准的项目外，凭营业执照依法自主开展经营活动）
109,110.0,宋都基业投资股份有限公司,在营,俞建午,13.4亿,人民币,1999-03-22,2017-08-23,浙江省,杭州市,上城区,91330000720962064E,0571-86504656,yinghao@songd.com,6,民营企业,股份有限公司,房地产业,房地产业,房地产开发经营,房地产开发经营,www.songdu.com,浙江省杭州市上城区富春路789号,浙江省杭州市富春路789号宋都大厦,曾有债券发行,"产业投资(法律法规禁止及应经审批而未获批准的项目除外)、企业管理咨询及服务;电子、通讯、半导体材料技术研发,钢材、矿石、焦炭、生铁、铁合金、有色金属销售;机械设备销售及售后服务。自营和代理各类商品和技术的进出口业务(国家法律法规限制或禁止的除外)。"
110,111.0,北京万通新发展集团股份有限公司,在营,王忆会,20.54亿,人民币,1998-12-30,2023-09-22,北京市,-,海淀区,91110000633715962Q,010-59070750,vantone@vantone.com,122,民营企业,股份有限公司,房地产业,房地产业,房地产开发经营,房地产开发经营,www.vantone.com,北京市海淀区农大南路1号院9号楼5层501-551,北京市朝阳区朝外大街甲6号万通中心写字楼D座4层,曾有债券发行,"智慧城市、智慧楼宇、数字科技、智能科技、智慧系统的技术服务、技术开发;软件开发;数据处理(数据处理中的银行卡中心、PUE值在1.4以上的云计算数据中心除外);大数据服务;信息系统集成服务;房地产开发;销售商品房;停车场建设及经营管理;信息咨询(不含中介);技术咨询;劳务派遣;投资;投资管理;资产管理;互联网信息服务;第一类增值电信业务;网络文化经营。(市场主体依法自主选择经营项目,开展经营活动;依法须经批准的项目,经相关部门批准后依批准的内容开展经营活动;不得从事国家和本市产业政策禁止和限制类项目的经营活动。)"
111,112.0,俊发集团有限公司,在营,赵剑坤,52.5亿,人民币,1998-12-28,2022-07-04,云南省,昆明市,盘龙区,915300007134021307,***********,-,411,民营企业,有限责任公司,房地产业,房地产业,房地产开发经营,房地产开发经营,www.ynjunfa.cn,云南省昆明市盘龙区北京路987号俊发中心23楼,云南省昆明市盘龙区北京路987号俊发中心23楼,曾有债券发行,房地产开发经营、物业管理、房地产中介服务；基础设施的建设和管理；房屋建筑工程、市政公用工程、公路工程的设计与施工；建筑劳务分包；工程勘察设计；商品混凝土、混凝土预制构件、建筑材料、装饰材料的生产；普通货运；工程机械设备的租赁；货物及技术进出口业务；建筑工程项目管理；建筑材料、装饰材料的研究、开发、应用及技术咨询、技术服务、技术转让；企业管理；酒店管理；酒店从业人员培训；向游客提供旅游、交通、住宿、餐饮等代理服务（不涉及旅行社业务）；旅游景区规划设计、开发、管理；汽车销售；汽车零配件及美容装饰件销售及批发；咨询服务（不包含市场调查）；手表、箱包、服饰、百货的零售及批发；一类汽车维修（小型车辆维修）；二手车收购及销售。（以上项目不涉及外商投资准入特别管理措施）（依法须经批准的项目，经相关部门批准后方可开展经营活动）
112,113.0,融侨集团股份有限公司,在营,林宏修,14.24亿,人民币,1998-10-14,2023-12-15,福建省,福州市,仓山区,913500006110099603,13696866578,-,135,民营企业,股份有限公司,房地产业,房地产业,房地产开发经营,房地产开发经营,www.rongqiao.com,福州市闽江大道167号,福州市台江区江滨大道融侨江滨广场100-2号融侨中心38层,曾有债券发行,福州市鼓楼区洪山镇西河地块，仓山区西至聚龙路、南临建华州、北到建新镇郭厝里地块，台江区六一中路东侧地块规划范围内从事住宅开发及相关的物业管理。出售和出租自建商品房；物业管理；开发建设金山大桥；信息咨询服务。（涉及审批许可项目的，只允许在审批许可的范围和有效期限内从事生产经营）（依法须经批准的项目，经相关部门批准后方可开展经营活动）
113,114.0,北京华业资本控股股份有限公司,在营,余威,14.24亿,人民币,1998-10-09,2021-02-05,北京市,-,朝阳区,911100007014621014,01085710753,zhangsg200700@163.com,7,民营企业,股份有限公司,房地产业,房地产业,房地产开发经营,房地产开发经营,www.huayezb.com,北京市朝阳区东四环中路39号A座16层,北京市朝阳区东四环中路39号A座16层,曾有债券发行,"投资管理、项目投资;企业管理;酒店管理;健康咨询服务(须经审批的诊疗活动除外);计算机技术培训;技术开发;技术转让;房地产开发(不含土地成片开发;高档宾馆、别墅、高档写字楼和国际会议中心的建设、经营;大型主题公园的建设、经营)。(“1、未经有关部门批准,不得以公开方式募集资金;2、不得公开开展证券类产品和金融衍生品交易活动;3、不得发放贷款;4、不得对所投资企业以外的其他企业提供担保;5、不得向投资者承诺投资本金不受损失或者承诺最低收益”;企业依法自主选择经营项目,开展经营活动;依法须经批准的项目,经相关部门批准后依批准的内容开展经营活动;不得从事本市产业政策禁止和限制类项目的经营活动。)"
114,115.0,重庆聚丰房地产开发(集团)有限公司,在营,孙灿林,"7,000万",人民币,1998-08-21,2022-05-07,重庆市,-,南岸区,915001082031689974,13399859809,-,39,民营企业,有限责任公司,房地产业,房地产业,房地产开发经营,房地产开发经营,www.jufeng.com,重庆市南岸区江南大道23号,-,曾有债券发行,一般项目：房地产开发(贰级)；旅游项目投资；代理房屋销售。(除依法须经批准的项目外，凭营业执照依法自主开展经营活动)
115,116.0,复地(集团)股份有限公司,在营,王基平,25.04亿,人民币,1998-08-13,2022-11-22,上海市,-,普陀区,91310000631174736F,021-23155588,-,4,民营企业,股份有限公司,房地产业,房地产业,房地产开发经营,房地产开发经营,www.forte.com.cn,上海市普陀区曹杨路510号9楼,上海市黄浦区中山东二路600号外滩金融中心S1幢11楼,曾有债券发行,房地产开发、经营、房地产投资、物业管理及以上相关行业的咨询服务。 【依法须经批准的项目，经相关部门批准后方可开展经营活动】
116,117.0,江苏中南建设集团股份有限公司,在营,陈锦石,38.27亿,人民币,1998-07-28,2020-09-02,江苏省,南通市,海门区,91320600MA1M9AEW6B,0513-68702747,liangxiaojing@zhongnangroup.cn,6,民营企业,股份有限公司,房地产业,房地产业,房地产开发经营,房地产开发经营,www.zhongnangroup.cn,江苏省南通市海门区常乐镇,上海市长宁区天山西路1068号A栋9楼,曾有债券发行,"房地产开发、销售(凭资质证书承接业务);土木建筑工程施工,物业管理,实业投资;道路货运经营。"
117,118.0,华夏幸福基业控股股份公司,在营,王文学,10.5亿,人民币,1998-07-10,2021-07-14,河北省,廊坊市,固安县,91131000700769064N,15175682553,gongsilianxiren@zenity.cn,0,民营企业,股份有限公司,房地产业,房地产业,房地产开发经营,房地产开发经营,-,河北省廊坊市固安县新兴产业示范区卫星导航产业园44号楼北侧三层（科技大道北侧、规划三路西侧）,北京市朝阳区东三环北路霞光里18号佳程广场A座,曾有债券发行,对商业、制造业的投资；企业管理咨询；货物或技术的进出口（国家禁止或限制的项目除外）。
118,119.0,重庆新鸥鹏物业管理(集团)有限公司,在营,王小军,1.03亿,人民币,1998-06-17,2022-06-14,重庆市,-,江北区,91500105621973665U,13022376218,1558963248@qq.com,74,民营企业,有限责任公司,房地产业,房地产业,物业管理,物业管理,www.openwuye.com,重庆市江北区金源路66号附7号1-17,-,曾有债券发行,许可项目：城市生活垃圾清扫、收集；园林绿化、城市园林绿化工程设计，劳务派遣服务，建设工程设计，道路旅客运输经营，第二类增值电信业务，旅游业务，出版物零售，烟草制品零售，食品经营，餐饮服务，酒类经营（依法须经批准的项目，经相关部门批准后方可开展经营活动，具体经营项目以相关部门批准文件或许可证件为准） 一般项目：物业管理；制作、代理、发布国内外广告；房屋租赁（不含住宿服务）；房屋中介（不含房屋评估）；网站建设；室内外保洁服务；有害生物防治；城市粪便污水处理（化粪池清掏）；会议及展览服务；楼宇智能化管理服务；建筑物及设施设备运行、维修、管理；市政设施养护维修管理；观赏植物（不含林木种子生产、经营）租赁；园林绿化、城市园林绿化工程施工及养护；停车服务餐饮服务，日用百货销售，日用品批发，日用品销售，针纺织品及原料销售，针纺织品销售，文具用品批发，文具用品零售，体育用品及器材批发，体育用品及器材零售，五金产品批发，五金产品零售，农副产品销售，家用视听设备销售，涂料销售（不含危险化学品），卫生洁具销售，日用家电零售，家具销售，第二类医疗器械销售，灯具销售，建筑装饰材料销售，厨具卫具及日用杂品零售，工程管理服务，规划设计管理，图文设计制作，建筑用金属配件制造，家政服务，计算机软硬件及辅助设备批发，计算机软硬件及辅助设备零售（除依法须经批准的项目外，凭营业执照依法自主开展经营活动）
119,120.0,中庚置业集团有限公司,在营,薛来银,33亿,人民币,1998-05-21,2022-12-05,上海市,-,闵行区,91350000158178335R,021-33599000,zhaolan@zgsyjt.cn,0,民营企业,有限责任公司,房地产业,房地产业,房地产开发经营,房地产开发经营,www.zhonggenggroup.com,上海市闵行区闵虹路166弄1号3501室,-,曾有债券发行,一般项目：房地产开发，出售出租商品房及物业管理；针、纺织品，电子计算机及配件，通信设备，化工产品，汽车、摩托车零部件，建筑材料的批发；信息服务；农业科技领域内的技术转让、技术开发、技术研究、技术咨询；组织文化艺术交流活动；会议及展览服务；远程健康管理服务（医疗诊断、互联网、增值电信除外）；健康咨询服务（不含诊疗服务）；企业总部管理。（除依法须经批准的项目外，凭营业执照依法自主开展经营活动）
120,121.0,奥园集团有限公司,在营,林显团,61.1亿,人民币,1998-05-11,2023-03-31,广东省,广州市,番禺区,91440101707660360J,020-38686666,ayxinfang@aoyuan.net,96,民营企业,有限责任公司,房地产业,房地产业,房地产开发经营,房地产开发经营,www.aoyuan.com,广州市番禺区南村镇万惠一路48号2302,广州市番禺区万惠一路48号奥园集团大厦,曾有债券发行,房地产咨询;房地产经纪;物业管理;互联网销售（除销售需要许可的商品）;酒店管理;餐饮管理;项目策划与公关服务;咨询策划服务;企业形象策划;以自有资金从事投资活动;信息技术咨询服务;信息咨询服务（不含许可类信息咨询服务）;体育场地设施工程施工;体育用品及器材批发;体育用品及器材零售;体育赛事策划;体育竞赛组织;体育健康服务;健康咨询服务（不含诊疗服务）;养老服务;国内贸易代理;计算机及办公设备维修;网络技术服务;科技中介服务;业务培训（不含教育培训、职业技能培训等需取得许可的培训）;企业管理咨询;房地产开发经营
121,122.0,正兴隆房地产(深圳)有限公司,在营,黄敬舒,"4,000万",港元,1997-12-22,2022-04-19,广东省,深圳市,福田区,91440300618934411C,075523625180,79003307@qq.com,0,民营企业,有限责任公司,房地产业,房地产业,房地产开发经营,房地产开发经营,-,深圳市福田区深南大道和泰然大道交汇处绿景纪元大厦55层A1单元,深圳市深南中路6011号NEO大厦A座55层,曾有债券发行,一般经营项目是：在合法取得使用权的土地上从事房地产开发经营；物业管理；房地产经纪；房地产信息咨询；自有物业租赁。(法律、行政法规、国务院决定禁止的项目除外，限制的项目须取得许可后方可经营)，许可经营项目是：机动车停放服务。
122,123.0,重庆市迪马实业股份有限公司,在营,黄力进,24.92亿,人民币,1997-10-09,2023-10-30,重庆市,-,南岸区,9150000045041506X3,02381155666,-,4,民营企业,股份有限公司,房地产业,房地产业,房地产开发经营,房地产开发经营,www.dima.cn,重庆市南岸区长电路8号,重庆市南岸区南滨路东原1891D馆4楼,曾有债券发行,"制造、销售运钞车、特种车及零部件(按国家行业主管部门批准的车型组织生产、销售),上述汽车售后服务;销售汽车(不含九座及以下乘用车);经营本企业自产的机电产品出口业务(国家组织统一联合经营的出口商品除外)、本企业生产、科研所需的原辅材料、机械设备、仪器仪表及零配件的进口业务(国家实行核定公司经营的进口商品除外);电子产品、计算机软件、硬件及网络设施的技术开发及销售,计算机系统集成及相关信息服务(除国家有专项管理规定的项目外),销售建筑材料及装饰材料(不含危险化学品);工程管理服务;社会经纪咨询服务;货物及技术进出口;企业信息及网络技术服务;健康咨询服务(不含诊疗服务);国内贸易代理。"
123,124.0,福州融侨物业管理有限公司,在营,余华秀,472.99万,人民币,1997-10-05,2024-01-02,福建省,福州市,鼓楼区,913501006113378414,18650089005,447277518@qq.com,2380,港澳台企业,有限责任公司,房地产业,房地产业,物业管理,物业管理,www.rongqiao.com,福建省福州市鼓楼区西江滨大道66号融侨锦江花园B区5#、6#、7#、8#、9#、10#楼连接体地下0.1层04商业用房,-,曾有债券发行,一般项目：物业管理；房地产经纪；家政服务；城市绿化管理；专业保洁、清洗、消毒服务；日用电器修理；园林绿化工程施工；规划设计管理；信息咨询服务（不含许可类信息咨询服务）；互联网销售（除销售需要许可的商品）；广告设计、代理；广告发布；广告制作；住房租赁；停车场服务；集中式快速充电站；社会经济咨询服务；食品销售（仅销售预包装食品）；食品互联网销售（仅销售预包装食品）；保健食品（预包装）销售；日用百货销售。（除依法须经批准的项目外，凭营业执照依法自主开展经营活动）许可项目：第二类增值电信业务；食品销售；食品互联网销售。（依法须经批准的项目，经相关部门批准后方可开展经营活动，具体经营项目以相关部门批准文件或许可证件为准）
124,125.0,深圳市广森投资集团有限公司,在营,李森,1.08亿,人民币,1997-09-25,2020-09-22,广东省,深圳市,罗湖区,91440300279383730H,075583029025,18948766831@189.com,0,民营企业,有限责任公司,房地产业,房地产业,房地产开发经营,房地产开发经营,-,深圳市罗湖区东门街道花场社区人民北路3092号物资大厦1206,-,曾有债券发行,一般经营项目是：投资兴办实业（具体项目另行申报）；国内商业、物资供销业（不含专营、专控、专卖商品）；在合法取得土地使用权范围内从事房地产开发经营；自有物业租赁。，许可经营项目是：
125,126.0,雅生活智慧城市服务股份有限公司,在营,黄奉潮,14.2亿,人民币,1997-06-26,2023-11-09,广东省,中山市,-,91442000282096687C,0760-88368738,rlxzb.hnqy.yshjt@agile.com.cn,684,民营企业,股份有限公司,房地产业,房地产业,物业管理,物业管理,www.agileliving.com.cn,中国广东省中山市三乡镇雅居乐花园兴业路管理大厦,香港夏悫道16号远东金融中心17楼,曾有债券发行,家庭服务、物业管理服务；水电维修；室内装饰工程；园林绿化工程（公司属下小区经营）；中餐（分支机构经营）；西餐类制售（不含凉菜、裱花蛋糕、生食海产品）；茶艺；游泳；桌球；乒乓球；健身；网球；保龄球；高尔夫球练习场；棋牌（中国象棋、围棋、国际象棋、桥牌）；烧烤；滑草；电梯维修；停车场经营；家居清洁服务；健美操；壁球；划船；钓鱼场；足浴；美容美发（不含医疗美容，由分支机构经营）；房地产中介服务；零售：服装、鞋、箱、包、百货（食品除外）、文具用品、玩具、体育用品及器材、化妆品、卫生用品、帽、日用器皿、日用杂货；货物进出口（国家禁止或涉及行政审批的货物和技术进出口除外）（以上经营范围涉及货物进出口、技术进出口）（专营专控物品除外）；酒店管理服务；餐饮服务；设计、制作、发布、代理各类广告；市场营销策划服务；企业投资咨询（金融业务除外）（不含社会调查、市场调查）；智能设备研发、安装；应用软件运行维护服务；信息系统集成服务；计算机产品的开发、销售、安装；计算机软件技术开发、技术转让、技术咨询服务；大数据信息咨询服务；研发、销售：物联网软硬件产品；节能工程施工；环境监测服务；空气检测与治理；房地产咨询服务；人力资源服务；企业管理咨询服务；科技企业孵化器；营利性养老机构。（以上项目不涉及外商投资准入特别管理措施）（依法须经批准的项目，经相关部门批准后方可开展经营活动；根据粤府办【2014】24号文件，上述经营范围涉及：高危险性体育项目经营，公共场所经营，特种设备安装、改造、修理。）(依法须经批准的项目，经相关部门批准后方可开展经营活动)〓
126,127.0,禹洲物业服务有限公司,在营,薛亮,"5,000万",人民币,1997-05-22,2023-11-20,福建省,厦门市,思明区,91350200260131525Q,18030200610,crld_xmzhfw_zy@crland.com.cn,1,港澳台企业,有限责任公司,房地产业,房地产业,物业管理,物业管理,-,厦门市思明区禾祥西二路37号裙楼,-,曾有债券发行,一般项目：物业管理；房地产经纪；日用百货销售；装卸搬运；五金产品零售；日用家电零售；电子产品销售；洗染服务；互联网销售（除销售需要许可的商品）；城乡市容管理；建筑物清洁服务；园林绿化工程施工；家政服务；林业有害生物防治服务；停车场服务；规划设计管理；食品销售（仅销售预包装食品）；婴幼儿配方乳粉及其他婴幼儿配方食品销售；信息技术咨询服务；信息系统运行维护服务；城市绿化管理；环境保护监测；自然生态系统保护管理；大气污染治理；水污染治理；噪声与振动控制服务；信息系统集成服务；技术服务、技术开发、技术咨询、技术交流、技术转让、技术推广；大数据服务；软件开发；网络与信息安全软件开发；数据处理和存储支持服务；数据处理服务。（除依法须经批准的项目外，凭营业执照依法自主开展经营活动）许可项目：酒类经营；第一类增值电信业务；第二类增值电信业务；城市生活垃圾经营性服务；呼叫中心。（依法须经批准的项目，经相关部门批准后方可开展经营活动，具体经营项目以相关部门批准文件或许可证件为准）
127,128.0,上海宏慧创想众创空间管理有限公司,在营,康劼,"1,000万",人民币,1997-05-22,2023-11-16,上海市,-,黄浦区,91310101134501142X,021-63267162,-,3,民营企业,有限责任公司,房地产业,房地产业,房地产开发经营,房地产开发经营,-,上海市黄浦区虎丘路27号101、113室,-,曾有债券发行,众创空间经营管理，科技中介服务，从事科技推广和应用领域、计算机系统集成领域的技术开发、技术咨询、技术服务、技术转让，物业管理，住宿，酒店管理，自有房屋租赁，受托房屋租赁（仅限分支机构经营），办理动拆迁委托业务，停车场库经营，市场营销策划，商业经营管理（除市场管理），商务咨询，企业管理咨询，电子商务（不得从事金融业务），房地产经纪，企业并购与重组的策划，企业形象策划，自有设备租赁（除金融租赁），知识产权代理（除专利代理），会务服务，展览展示服务，餐饮服务。【依法须经批准的项目，经相关部门批准后方可开展经营活动】
128,129.0,新希望五新实业集团有限公司,在营,姜孟军,19.5亿,人民币,1997-05-07,2023-01-13,四川省,成都市,邛崃市,91510100633139520L,028-65721666,office@newhope.cn,338,民营企业,有限责任公司,房地产业,房地产业,房地产开发经营,房地产开发经营,www.newhopefdc.cn,成都市人民南路四段新希望集团,成都市锦江区金石路366号新希望中鼎国际,曾有债券发行,一般项目：企业管理；规划设计管理；工程管理服务；工程造价咨询业务；招投标代理服务；技术服务、技术开发、技术咨询、技术交流、技术转让、技术推广；市场营销策划；企业形象策划；信息咨询服务（不含许可类信息咨询服务）；社会经济咨询服务；财务咨询；企业管理咨询；劳务服务（不含劳务派遣）；日用百货销售；体育中介代理服务；文化娱乐经纪人服务；物联网应用服务；停车场服务。（除依法须经批准的项目外，凭营业执照依法自主开展经营活动）
129,130.0,宁波银亿物业管理有限公司,在营,屠赛利,1.8亿,人民币,1997-01-17,2023-11-01,浙江省,宁波市,海曙区,913302032541033414,87039102,nbyywy1997@163.com,2378,民营企业,有限责任公司,房地产业,房地产业,物业管理,物业管理,-,浙江省宁波市海曙区迎春街88弄13号三楼,-,曾有债券发行,一般项目：物业管理；物业服务评估；家政服务；家具安装和维修服务；停车场服务；餐饮管理；酒店管理；票务代理服务；会议及展览服务；建筑物清洁服务；城市绿化管理；专业保洁、清洗、消毒服务；住房租赁；非居住房地产租赁；广告设计、代理；水污染治理；本市范围内公共租赁住房的建设、租赁经营管理（除依法须经批准的项目外，凭营业执照依法自主开展经营活动）。许可项目：食品销售；城市生活垃圾经营性服务（依法须经批准的项目，经相关部门批准后方可开展经营活动，具体经营项目以审批结果为准）。以下限分支机构经营：许可项目：餐饮服务；高危险性体育运动（游泳）（依法须经批准的项目，经相关部门批准后方可开展经营活动，具体经营项目以审批结果为准）。
130,131.0,荣盛房地产发展股份有限公司,在营,邹家立,43.48亿,人民币,1996-12-30,2022-09-13,河北省,廊坊市,广阳区,911310002360777257,18331653082,-,101,民营企业,股份有限公司,房地产业,房地产业,房地产开发经营,房地产开发经营,www.risesun.cn,河北省廊坊市经济技术开发区祥云道81号荣盛发展大厦,河北省廊坊市经济技术开发区祥云道81号,曾有债券发行,房地产开发与经营（一级）。
131,132.0,国创高科实业集团有限公司,在营,高庆寿,3亿,人民币,1996-12-02,2017-12-19,湖北省,武汉市,东西湖区,914200006154096385,027-87617347,2461314926@qq.com,52,民营企业,有限责任公司,房地产业,房地产业,房地产中介服务,房地产中介服务,www.guochuangjituan.com,武汉市东西湖区新沟农场新华集,武汉市东西湖区新沟农场新华集,曾有债券发行,公路建设与经营管理，公路路用产品的研发、生产、销售，公路工程的施工；地产项目的开发销售；机电产品的研究、开发、销售。机械设备、仪器仪表、零配件及技术贸易；本企业所需原料进出口业务；本企业对外控股、参股的企业股权管理；企业管理咨询、财务咨询、信息咨询。（涉及许可经营项目，应取得相关部门许可后方可经营）
132,133.0,重庆爱普地产(集团)有限公司,在营,何才有,10亿,人民币,1996-11-06,2019-05-09,重庆市,-,江北区,91500105203120926M,02389887060,-,39,港澳台企业,有限责任公司,房地产业,房地产业,房地产开发经营,房地产开发经营,-,重庆市江北区东升门路63号19-办公用房,-,曾有债券发行,房地产综合开发（凭资质证书在许可范围及有效期内执业）；房屋销售；自有房屋租赁（不含住宿）；房地产信息咨询；销售金属材料（不含稀贵金属）、化工产品（不含化学危险品及易制毒化学物品）、电器机械及器材、五金、交电、通信设备（不含无线电发射和卫星接收装置）、现代办公设备、文化用品、百货（不含农膜）、建筑材料（不含化危品）。**[以上项目法律、法规禁止经营的不得经营；法律、法规规定应经审批而未获审批前不得经营]
133,134.0,铁岭新城投资控股(集团)股份有限公司,在营,侯强,8.25亿,人民币,1996-11-05,2023-11-08,辽宁省,铁岭市,铁岭县,91211200201909093K,024-74997887,17126101@qq.com,10,民营企业,股份有限公司,房地产业,房地产业,房地产开发经营,房地产开发经营,www.tielingnewcity.com.cn,辽宁省铁岭市凡河新区金沙江路12号,辽宁省铁岭市凡河新区金沙江路11号,曾有债券发行,风电场相关系统研发;风电场相关装备销售;技术服务、技术开发、技术咨询、技术交流、技术转让、技术推广;项目开发、投资、管理咨询。
134,135.0,美好置业集团股份有限公司,在营,刘道明,24.67亿,人民币,1996-10-17,2023-10-17,云南省,昆明市,盘龙区,9153000021665904XL,***********,mhzy@000667.com,6,民营企业,股份有限公司,房地产业,房地产业,房地产开发经营,房地产开发经营,www.000667.com,云南省昆明市北京路与联盟路交叉口卓越俊园10栋2单元2317室,湖北省武汉市汉阳区马鹦路191号美好广场35楼,曾有债券发行,许可项目：房地产开发经营（依法须经批准的项目，经相关部门批准后方可开展经营活动，具体经营项目以相关门部门批准文件或许可证件为准）一般项目：企业管理咨询；以自有资金从事投资活动；信息咨询服务（不含许可类信息咨询服务）；住房租赁；非居住房地产租赁；土地使用权租赁。
135,136.0,金辉集团股份有限公司,在营,林定强,18亿,人民币,1996-09-02,2023-03-29,福建省,福州市,晋安区,91350000611335221C,0591-86392015,380115022@qq.com,3,民营企业,股份有限公司,房地产业,房地产业,房地产开发经营,房地产开发经营,www.radiance.com.cn,福建省福州市晋安区茶园街道华林路492号金辉大厦3层,北京市朝阳区望京启阳路金辉大厦42层,曾有债券发行,在福州市晋安区福州火车客站南向华林路西侧建造、出租、出售金辉大厦项目，在福州市台江区排尾路北侧建造、出租、出售锦江花园项目，在晋安区鼓山镇红光、远中村建造、出租、出售东景家园B区项目，在晋安区浦东河东连洋路南建造、出租、出售东景家园C区项目，在晋安区鼓山镇连洋路南侧浦乾路东侧福光南路西侧建造、出租、出售东景家园C区二期项目，在福州市晋安区连洋路以南福光路与浦乾路之间规划路北侧建造、出租、出售东景家园C区一期项目，在福州市仓山区浦上路南侧浦上工业区“地王”1#地块建造、出租、出售金域蓝湾项目，在福州市仓山区则徐大道西侧原福州市医疗化工厂地块建造、出租、出售莱茵城项目，在福州市仓山区则徐大道西南侧建造、出租、出售莱茵城二期项目；物业管理；建筑业信息咨询服务；计算机系统设计、安装及软件开发；日用百货、五金、交电、建筑材料批发、代购代销。（依法须经批准的项目，经相关部门批准后方可开展经营活动）
136,137.0,杭州滨江房产集团股份有限公司,在营,戚金兴,31.11亿,人民币,1996-08-22,2022-02-16,浙江省,杭州市,上城区,91330000719577660B,86986667,office@binjiang.com.cn,57,民营企业,股份有限公司,房地产业,房地产业,房地产开发经营,房地产开发经营,www.binjiang.com.cn,浙江省杭州市庆春东路38号,浙江省杭州市庆春东路38号,曾有债券发行,"房地产开发,房屋建筑,商品房销售,水电安装,室内外装璜;含下属分支机构的经营范围;其他无需报经审批的一切合法项目。"
137,138.0,广州广电房地产开发集团股份有限公司,在营,李鹏,6.5亿,人民币,1996-08-19,2021-09-30,广东省,广州市,天河区,9144010123124837XM,32528000,372633932@qq.com,94,港澳台企业,股份有限公司,房地产业,房地产业,房地产开发经营,房地产开发经营,-,广州市天河区平云路163号广电科技大厦1401房，广电科技大厦1501房,-,曾有债券发行,室内装饰、设计;金属制品批发;通用机械设备销售;化工产品批发（危险化学品除外）;建材、装饰材料批发;五金产品批发;房地产开发经营;房屋建筑工程施工;汽车批发（九座以下小轿车除外）;摩托车零配件批发;日用杂品综合零售;建筑工程后期装饰、装修和清理;
138,139.0,上海大名城企业股份有限公司,在营,俞锦,24.75亿,人民币,1996-07-18,2024-01-09,上海市,-,闵行区,913100006073563962,021-62470088,dmc@greattown.cn,16,民营企业,股份有限公司,房地产业,房地产业,房地产开发经营,房地产开发经营,www.greattown.cn,上海市闵行区红松东路1116号1幢5楼A区,上海市长宁区红宝石路500号东银中心B栋29楼,曾有债券发行,"房地产综合开发,建造、销售商品房;物业管理,物业租赁;公共基础设施开发与建设;建筑装饰安装工程;从事新能源科技领域的技术开发、技术咨询、技术服务、技术转让,新能源汽车的销售;生产、加工、销售生物制品、农药及中间体、药品原料及制剂、保健品、新型建材、包装材料、现代通讯信息新材料及相关器件,以及上述产品的研究开发、技术咨询和售后服务;经营进出口业务(涉及配额、许可证或国家专项管理的,应凭证经营或按国家有关规定另行报批)。"
139,140.0,新城控股集团股份有限公司,在营,王晓松,22.56亿,人民币,1996-06-30,2023-06-15,江苏省,常州市,武进区,913204002508323014,021-22835888,huangdong@xincheng.com,41,民营企业,股份有限公司,房地产业,房地产业,房地产开发经营,房地产开发经营,www.seazen.com.cn,江苏省常州市武进高新区西湖路1号,上海市普陀区中江路388弄6号新城控股大厦A座,曾有债券发行,"房地产开发。实业投资;室内外装璜,托管范围内房屋及配套设施和场地的管理、维修、服务;公路工程施工;桥梁工程;国内贸易;市场调查服务;信息咨询。(依法须经批准的项目,经相关部门批准后方可开展经营活动)"
140,141.0,恒大地产集团有限公司,在营,赵长龙,39.4亿,人民币,1996-06-24,2023-11-30,广东省,深圳市,南山区,91440101231245152Y,02089182147,Gongshang@evergrande.com,-,民营企业,有限责任公司,房地产业,房地产业,房地产开发经营,房地产开发经营,www.evergrande.com,深圳市南山区海德三道126号卓越后海金融中心2801房,深圳市南山区海德三道126号卓越后海金融中心,曾有债券发行,房地产开发经营；房地产咨询服务；室内装饰、设计；制冷、空调设备制造；园林绿化工程服务；企业管理咨询服务（依法须经批准的项目，经相关部门批准后方可开展经营活动）。^
141,142.0,阳光新业地产股份有限公司,在营,周磊,7.5亿,人民币,1996-06-07,2024-01-12,广西,南宁市,江南区,91450000200538358N,0755-82229622,yangguangxinye@yangguangxinye.com,0,民营企业,股份有限公司,房地产业,房地产业,房地产租赁经营,房地产租赁经营,www.yangguangxinye.com,广西壮族自治区南宁市江南路230号南宁经济技术开发区,广东省深圳市深南东路5016号京基一百大厦A座6901-01A单元,曾有债券发行,"房地产开发经营;装修装饰工程;自有商品房的租赁;房地产开发的法律、法规和政策的咨询服务;商业管理服务。(法律、法规禁止的项目除外,法律、法规限制的项目取得许可后方可开展经营)(依法须经批准的项目,经相关部门批准后方可开展经营活动。)"
142,143.0,颐和地产集团有限公司,在营,何建信,8.12亿,人民币,1996-04-17,2023-11-02,广东省,广州市,白云区,91440101618443575C,020-83969888,wsun@yihegroup.com,4,港澳台企业,有限责任公司,房地产业,房地产业,房地产开发经营,房地产开发经营,www.yihegroup.com,广州市白云区同和镇颐和南街7号三层（自编301室）,广州市环市东路416号颐和商务酒店28楼,曾有债券发行,房地产开发经营;自有房地产经营活动;房地产咨询服务;室内装饰、设计;
143,144.0,深圳市益田集团股份有限公司,在营,吴群力,6.5亿,人民币,1996-02-15,2023-05-11,广东省,深圳市,罗湖区,914403001924157522,075586298908,zhenghz01@yitiangroup.com,-,民营企业,股份有限公司,房地产业,房地产业,房地产开发经营,房地产开发经营,-,深圳市罗湖区东门街道城东社区深南东路2010号奥康德集团11层2号,-,曾有债券发行,一般经营项目是：高速公路的投资；酒店、商场投资；在合法取得土地使用权范围内从事房地产开发经营业务；国内商业、物资供销业（不含专营、专控、专卖商品）；工程技术咨询、工程材料咨询、房地产开发咨询、项目管理咨询（不含前置许可项目，后置许可项目凭许可证或审批文件经营）；施工管理服务；市场营销及策划。，许可经营项目是：
144,145.0,远洲集团股份有限公司,在营,卢诚,1.2亿,人民币,1995-12-06,2023-04-10,浙江省,台州市,临海市,91330000704743005J,85228888,yuanzhougroup@yuanzhou.com.cn,8,民营企业,股份有限公司,房地产业,房地产业,房地产开发经营,房地产开发经营,www.yuanzhou.com.cn,浙江省临海市崇和路238号,上海市嘉定区金沙江西路1555弄360号,曾有债券发行,一般项目：酒店管理；房地产咨询；职工疗休养策划服务；食用农产品零售；日用百货销售；服装服饰零售；家宴服务；物业管理；停车场服务；打字复印；网络与信息安全软件开发；礼仪服务；会议及展览服务；针纺织品销售；化妆品零售；洗烫服务；棋牌室服务；健身休闲活动(除依法须经批准的项目外，凭营业执照依法自主开展经营活动)。许可项目：烟草制品零售；餐饮服务；住宿服务；歌舞娱乐活动；食品销售；生活美容服务；理发服务；高危险性体育运动（游泳）(依法须经批准的项目，经相关部门批准后方可开展经营活动，具体经营项目以审批结果为准)。
145,146.0,广州市方圆房地产发展有限公司,在营,徐珺,7.5亿,人民币,1995-10-04,2022-08-29,广东省,广州市,越秀区,91440101231232810Y,22815222,longmj@fineland.com.cn,5,民营企业,有限责任公司,房地产业,房地产业,房地产开发经营,房地产开发经营,www.fineland.com.cn,广州市越秀区寺右新马路168号7楼,广州市天河区体育东路28号,曾有债券发行,房地产开发经营;自有房地产经营活动;酒店管理;建材、装饰材料批发;
146,147.0,深圳市农科置业有限公司,在营,侯大庆,"3,000万",人民币,1995-09-13,2024-01-05,广东省,深圳市,福田区,91440300192377565B,22663900,sznkdc@126.com,0,港澳台企业,有限责任公司,房地产业,房地产业,房地产开发经营,房地产开发经营,-,深圳市福田区农园路时代科技大厦2408,-,曾有债券发行,一般经营项目是：国内商业（不含专营、专卖和专控商品）；自有物业管理；自有物业租赁；物业服务；房地产经纪（法律、行政法规、国务院决定禁止的项目除外，限制的项目须取得许可后方可经营）。，许可经营项目是：经营停车场业务；餐饮服务。
147,148.0,广州合景控股集团有限公司,在营,王坤明,20亿,美元,1995-06-15,2023-12-13,广东省,广州市,黄埔区,9144010123122823XC,020-32624198,tanjichao@kwgproperty.com,7,民营企业,-,房地产业,房地产业,房地产开发经营,房地产开发经营,-,广州经济技术开发区科学城科汇二街2号二楼自编13号,广州市珠江新城华夏路8号合景国际金融广场36-39楼,曾有债券发行,"房地产开发经营;企业管理咨询服务;企业财务咨询服务;商品信息咨询服务;投资咨询服务。(依法须经批准的项目,经相关部门批准后方可开展经营活动)"
148,149.0,广州市天建房地产开发有限公司,在营,王坤明,33亿,人民币,1995-04-18,2023-12-13,广东省,广州市,天河区,914401012312242557,85500800,chiwn@kwggroupholdings.com,4,民营企业,-,房地产业,房地产业,房地产开发经营,房地产开发经营,www.kwggroupholdings.com,广州市珠江新城华夏路8号国际金融广场38楼自编1号,广州市珠江新城华夏路8号合景国际金融广场36-39楼,曾有债券发行,住房租赁;非居住房地产租赁;物业管理;企业管理咨询;财务咨询;信息咨询服务(不含许可类信息咨询服务);租赁服务(不含许可类租赁服务);房地产开发经营
149,150.0,佳源创盛控股集团有限公司,在营,沈宏杰,15亿,人民币,1995-04-18,2022-08-08,浙江省,嘉兴市,南湖区,91330402146482794J,0573-82207577,158282627@qq.com,2,民营企业,有限责任公司,房地产业,房地产业,房地产开发经营,房地产开发经营,www.zjjiayuan.com.cn,浙江省嘉兴市南湖区巴黎都市总部办公楼101室,浙江省嘉兴市南湖区巴黎都市总部办公楼101室,曾有债券发行,一般项目：股权投资；以自有资金从事投资活动；房地产评估；企业管理咨询；房地产经纪；房地产咨询；建筑材料销售；水泥制品销售；建筑用钢筋产品销售；非居住房地产租赁(除依法须经批准的项目外，凭营业执照依法自主开展经营活动)。许可项目：房地产开发经营(依法须经批准的项目，经相关部门批准后方可开展经营活动，具体经营项目以审批结果为准)。
150,151.0,侨鑫集团有限公司,在营,周泽荣,2.12亿,美元,1995-04-13,2022-07-12,广东省,广州市,天河区,914401016184241711,13926013999,xiao.nie@kingold.com,120,港澳台企业,有限责任公司,房地产业,房地产业,房地产开发经营,房地产开发经营,-,广州市天河区金穗路62号4101自编之二,-,曾有债券发行,投资咨询服务;企业自有资金投资;酒店管理;企业管理服务（涉及许可经营项目的除外）;企业总部管理;（以上项目不涉及外商投资准入特别管理措施）;房地产开发经营（主题公园，别墅除外）;风险投资;
151,152.0,重庆华宇集团有限公司,在营,蒋杰,10.32亿,人民币,1995-03-28,2023-08-08,重庆市,-,渝北区,91500000203115190U,02368650105,cqhyrc@cqhyrc.com.cn,2064,民营企业,-,房地产业,房地产业,房地产开发经营,房地产开发经营,www.cqhyrc.com.cn,重庆市渝北区泰山大道东段118号,重庆市渝北区泰山大道东段118号,曾有债券发行,一般项目：房地产开发壹级（凭资质证执业）；物业管理（凭资质证执业）；房屋出租；企业管理咨询；商务信息咨询；法律咨询；工程信息咨询；工程招标代理（依法须经批准的项目，经相关部门批准后方可开展经营活动）；工程项目管理；房地产营销策划【依法须经批准的项目，经相关部门批准后方可开展经营活动】。（除依法须经批准的项目外，凭营业执照依法自主开展经营活动）
152,153.0,中弘控股股份有限公司,在营,王继红,83.91亿,人民币,1995-01-28,2017-09-11,安徽省,宿州市,埇桥区,91341300711774766H,010-59279999,178309310@qq.com,0,民营企业,股份有限公司,房地产业,房地产业,房地产开发经营,房地产开发经营,www.zhonghongholdings.com,安徽省宿州市浍水路271号,北京市朝阳北路五里桥一街非中心32号楼,曾有债券发行,"房地产开发,实业投资、管理、经营及咨询,基础建设投资,商品房销售,物业管理及房屋出租,公寓酒店管理,装饰装潢,金属材料、建筑材料、机械电器设备销售,矿业投资、股权投资、旅游投资、文化产业投资。"
153,154.0,美的置业集团有限公司,在营,郝恒乐,38.07亿,人民币,1995-01-13,2021-09-03,广东省,佛山市,顺德区,914406066176547680,18718725475,-,271,民营企业,有限责任公司,房地产业,房地产业,房地产开发经营,房地产开发经营,www.mideadc.com,广东省佛山市顺德区北滘镇君兰社区诚德路1号美的财富广场4栋34层（住所申报）,广东省佛山市顺德区北滘镇君兰社区诚德路1号美的财富广场4栋34层,曾有债券发行,许可项目：房地产开发经营；第二类增值电信业务。（依法须经批准的项目，经相关部门批准后方可开展经营活动，具体经营项目以相关部门批准文件或许可证件为准）一般项目：土地整治服务；市场营销策划。（以上项目不涉及外商投资准入特别管理措施）（除依法须经批准的项目外，凭营业执照依法自主开展经营活动）
154,155.0,祥生地产集团有限公司,在营,周科技,15.8亿,人民币,1995-01-04,2023-04-14,浙江省,绍兴市,诸暨市,91330681146288510G,87016788,xiangsheng@xsjt.cn,4,民营企业,有限责任公司,房地产业,房地产业,房地产开发经营,房地产开发经营,60.190.192.18,诸暨市暨阳街道苎萝东路195号祥生新世纪广场祥生商贸综合楼十四层,-,曾有债券发行,房地产开发经营壹级（凭有效资质证书经营）房地产销售代理服务，房地产中介服务，房屋租赁代理服务，房地产咨询服务，房地产登记代理服务；企业营销策划服务，企业形象策划服务，企业管理咨询服务
155,156.0,宁波银亿房地产开发有限公司,在营,方宇,18.74亿,人民币,1994-12-06,2023-12-22,浙江省,宁波市,北仑区,91330201610267335W,13957420788,1319351@qq.com,55,民营企业,有限责任公司,房地产业,房地产业,房地产开发经营,房地产开发经营,-,浙江省宁波保税区国际发展大厦404B,-,曾有债券发行,房地产开发、经营；物业管理；装饰装修；房屋出租；建筑材料及装潢材料的批发、零售；企业管理咨询；房地产投资咨询服务。（依法须经批准的项目，经相关部门批准后方可开展经营活动）
156,157.0,广州富力地产股份有限公司,在营,李思廉,37.52亿,人民币,1994-08-31,2021-12-28,广东省,广州市,天河区,91440101190548279L,38882777,18721102@qq.com,370,民营企业,股份有限公司,房地产业,房地产业,房地产开发经营,房地产开发经营,www.rfchina.com,中国广州珠江新城华夏路10号富力中心45-54楼,"香港中环皇后大道中99号中环中心6303室,广州市天河区珠江新城华夏路10号富力中心45-54楼",曾有债券发行,"房地产开发经营;房地产咨询服务;场地租赁(不含仓储);其他仓储业(不含原油、成品油仓储、燃气仓储、危险品仓储);酒店管理;建筑工程后期装饰、装修和清理;室内装饰、装修;(依法须经批准的项目,经相关部门批准后方可开展经营活动)。"
157,158.0,深圳卓越世纪城房地产开发有限公司,在营,李华,4.45亿,人民币,1994-05-03,2017-12-25,广东省,深圳市,福田区,91440300618879774D,82912388,wangting03@excegroup.com,-,民营企业,有限责任公司,房地产业,房地产业,房地产开发经营,房地产开发经营,-,深圳市福田区金田路皇岗商务中心1号楼6501,深圳市福田区金田路皇岗商务中心1号楼6501,曾有债券发行,一般经营项目是：自有物业租赁、酒店管理、市场营销策划、平面设计、企业管理咨询、经济信息咨询；设计、制作、发布、代理国内外各类广告业务（取得相关许可后方可从事经营）。，许可经营项目是：
158,159.0,天津优联城市发展集团有限公司,在营,杨永和,5.3亿,人民币,1994-04-08,2022-02-28,天津市,-,河东区,91120000103191583X,13800000000,0@126.com,34,民营企业,有限责任公司,房地产业,房地产业,房地产开发经营,房地产开发经营,www.ourunion.group.com,河东区十一经路78号,-,曾有债券发行,房地产开发及商品房销售；物业管理；房屋租赁；房地产信息咨询(以上范围内国家有专营专项规定的按规定办理)。
159,160.0,金科地产集团股份有限公司,在营,周达,53.4亿,人民币,1994-03-29,2021-02-04,重庆市,-,江北区,91500000202893468X,02363023139,xiaxue1@jinke.com,278,民营企业,股份有限公司,房地产业,房地产业,房地产开发经营,房地产开发经营,www.jinke.com,重庆市江北区复盛镇正街(政府大楼),重庆市两江新区龙韵路1号1幢金科中心,曾有债券发行,房地产开发、物业管理、机电设备安装(以上经营范围凭资质证书执业);销售建筑、装饰化工产品(不含化学危险品)、五金交电;自有房屋租赁;企业管理咨询服务;货品及技术进出口。
160,161.0,深圳香江控股股份有限公司,在营,翟美卿,32.68亿,人民币,1994-01-30,2022-11-24,广东省,深圳市,南山区,91440300267146826U,02084760998,zhaohongjian@heungkong.com,-,民营企业,股份有限公司,房地产业,房地产业,房地产开发经营,房地产开发经营,www.hkhc.com.cn,深圳市前海深港合作区南山街道兴海大道3046号香江金融大厦32楼-A1,广东省广州市番禺区番禺大道锦绣香江花园会所香江控股办公楼,曾有债券发行,"一般经营项目是:投资兴办实业(具体项目另行申报);物业管理;从事建筑工程和装饰工程的施工(须取得相应的资质证书后方可经营);企业形象策划;酒店管理;国内商业、物资供销业(不含专营、专控、专卖商品);经营进出口业务(法律、行政法规、国务院决定禁止的项目除外,限制的项目须取得许可后方可经营);经济信息咨询(不含限制项目);供应链管理。许可经营项目是:仓储服务。"
161,162.0,三湘印象股份有限公司,在营,许文智,11.81亿,人民币,1994-01-20,2023-10-11,上海市,-,杨浦区,913100002437770094,021-65361223,ruirui@sxgf.com,6,民营企业,股份有限公司,房地产业,房地产业,房地产开发经营,房地产开发经营,www.sxgf.com,上海市杨浦区逸仙路333号501室,上海市杨浦区逸仙路333号,曾有债券发行,"一般项目:工程技术服务(规划管理、勘察、设计、监理除外);工程管理服务;工程造价咨询业务;规划设计管理;专业设计服务;电影制片;组织文化艺术交流活动;广告设计、代理;广告制作;广告发布;旅游开发项目策划咨询;名胜风景区管理;游览景区管理;园区管理服务;票务代理服务;文艺创作;会议及展览服务;数字内容制作服务(不含出版发行);数字创意产品展览展示服务;数字广告设计、代理;数字广告制作;数字广告发布;数字文化创意内容应用服务;数字技术服务;音响设备销售;文化用品设备出租;工艺美术品及收藏品零售(象牙及其制品除外);摄像及视频制作服务;图文设计制作;国内贸易代理;技术服务、技术开发、技术咨询、技术交流、技术转让、技术推广;信息咨询服务(不含许可类信息咨询服务);信息技术咨询服务;企业形象策划;企业管理咨询;货物进出口;技术进出口。(除依法须经批准的项目外,凭营业执照依法自主开展经营活动)许可项目:房地产开发经营;建设工程施工;建筑智能化系统设计;电影发行;广播电视节目制作经营;演出场所经营;演出经纪;旅游业务;营业性演出;舞台工程施工。(依法须经批准的项目,经相关部门批准后方可开展经营活动,具体经营项目以相关部门批准文件或许可证件为准)"
162,163.0,中天金融集团股份有限公司,在营,罗玉平,70.05亿,人民币,1994-01-08,2018-08-30,贵州省,贵阳市,观山湖区,91520000214466447K,18208503101,191003764@qq.com,170,民营企业,股份有限公司,房地产业,房地产业,房地产开发经营,房地产开发经营,www.ztfgroup.com,贵州省贵阳市观山湖区中天路3号,贵州省贵阳市观山湖区中天路3号201中心,曾有债券发行,"法律、法规、国务院决定规定禁止的不得经营;法律、法规、国务院决定规定应当许可(审批)的,经审批机关批准后凭许可(审批)文件经营;法律、法规、国务院决定规定无需许可(审批)的,市场主体自主选择经营。(金融投资;股权投资;实业投资;资产经营;产业基金、产权市场投资与管理;金融服务及研究;金融企业投资及管理、咨询;城市基础及公共设施投资管理;壹级房地产开发。)。"
163,164.0,景瑞地产(集团)有限公司,在营,倪洪梅,16.21亿,人民币,1993-09-08,2022-07-28,上海市,-,虹口区,913100001331534143,021-52980000,-,25,民营企业,有限责任公司,房地产业,房地产业,房地产开发经营,房地产开发经营,www.jingruis.com,上海市虹口区青云路158号5楼,上海市淞虹路207号明基商务广场B座8楼,曾有债券发行,许可项目：房地产开发经营。（依法须经批准的项目，经相关部门批准后方可开展经营活动，具体经营项目以相关部门批准文件或许可证件为准）一般项目：房地产咨询；国内贸易代理；建筑装饰材料销售。（除依法须经批准的项目外，凭营业执照依法自主开展经营活动）
164,165.0,顺发恒业股份公司,在营,许小建,23.95亿,人民币,1993-07-02,2023-11-14,浙江省,杭州市,萧山区,912201012438438899,82865533,sfhy@sfhy.cn,4,民营企业,股份有限公司,房地产业,房地产业,房地产开发经营,房地产开发经营,www.sfhy.cn,浙江省杭州市萧山经济技术开发区万向创新聚能城奔竞大道2828号3幢201室,浙江省杭州市萧山区市心北路777号,曾有债券发行,"许可项目:供电业务;发电业务、输电业务、供(配)电业务;水力发电;建设工程施工(依法须经批准的项目,经相关部门批准后方可开展经营活动,具体经营项目以审批结果为准)。一般项目:机动车充电销售;储能技术服务;热力生产和供应;供冷服务;发电技术服务;风力发电技术服务;风电场相关系统研发;新兴能源技术研发;电力行业高效节能技术研发;余热余压余气利用技术研发;技术服务、技术开发、技术咨询、技术交流、技术转让、技术推广;新能源原动设备销售;合同能源管理;品牌管理;社会经济咨询服务;节能管理服务;太阳能发电技术服务;光伏发电设备租赁;水资源管理(除依法须经批准的项目外,凭营业执照依法自主开展经营活动)。"
165,166.0,新华联文化旅游发展股份有限公司,在营,马晨山,58.72亿,人民币,1993-06-25,2023-05-26,北京市,-,通州区,91110000130232395L,80559007,2292726226@qq.com,40,民营企业,股份有限公司,房地产业,房地产业,房地产开发经营,房地产开发经营,www.xhlwl.com.cn,北京市通州区外郎营村北2号院2号楼8层101,北京市通州区台湖镇政府大街新华联集团总部大厦8层,曾有债券发行,"文化旅游项目的运营、管理;组织文化艺术交流活动;文艺表演;旅游景区管理;公园管理;酒店管理;企业管理;承办展览展示;房地产开发;销售自行开发后的商品房;销售建筑材料、日用品、五金交电;投资管理;物业管理;出租办公用房;出租商业用房;技术开发,技术转让;计算机技术培训;施工总承包。(企业依法自主选择经营项目,开展经营活动;依法须经批准的项目,经相关部门批准后依批准的内容开展经营活动;不得从事本市产业政策禁止和限制类项目的经营活动。)"
166,167.0,华夏幸福基业股份有限公司,在营,王文学,39.14亿,人民币,1993-05-28,2020-08-20,河北省,廊坊市,固安县,911310006096709523,18330656699,gongsilianxiren@cfldcn.com,29,民营企业,股份有限公司,房地产业,房地产业,房地产开发经营,房地产开发经营,www.cfldcn.com,河北省固安县京开路西侧三号路北侧一号,北京市朝阳区东三环北路霞光里18号佳程广场A座7层,曾有债券发行,对房地产、工业园区及基础设施建设投资;房地产中介服务;提供施工设备服务;企业管理咨询;生物医药研发、科技技术推广服务(科技企业孵化)。
167,168.0,四川蓝光发展股份有限公司,在营,杨武正,30.35亿,人民币,1993-05-18,2023-10-23,四川省,成都市,郫都区,915101007092429550,028-87826193,313832917@qq.com,1,民营企业,股份有限公司,房地产业,房地产业,房地产开发经营,房地产开发经营,www.brc.com.cn,四川省成都市高新区(西区)西芯大道9号,四川省成都市高新区(西区)西芯大道9号,曾有债券发行,"投资及投资管理;企业策划、咨询服务;企业管理;房地产投资;房地产开发经营;土地整理;商业资产投资、经营;自有房屋租赁;资产管理;物业管理;生物科技技术产品研究、开发、生产(限分支机构在工业园区内经营);技术咨询服务和技术转让;技术及货物进出口业务(国家禁止或涉及行政审批的货物和技术进出口除外);电子商务(依法须经批准的项目,经相关部门批准后方可开展经营活动)。"
168,169.0,新湖中宝股份有限公司,在营,林俊波,85.09亿,人民币,1993-02-23,2023-05-05,浙江省,衢州市,柯城区,91330000142941287T,0573-82066646,47384967@qq.com,52,民营企业,股份有限公司,房地产业,房地产业,房地产开发经营,房地产开发经营,www.600208.net,浙江省衢州市芹江东路288号衢时代创新大厦3号楼6楼A619室,浙江省杭州市西溪路128号新湖商务大厦11层,曾有债券发行,煤炭(无储存)的销售。实业投资，百货、针纺织品、五金交电、石化产品、化工产品(不含化学危险品)、家俱、电子计算机及配件、建筑材料、金属材料、木竹材、电子产品、通讯设备(不含无线)、机电设备、黄金饰品、珠宝玉器的销售，经营进出口业务，投资管理，信息咨询服务，国内广告设计制作发布，代理广告业务，电子计算机网络系统及软件的研发、技术服务，房地产中介服务。
169,170.0,广东珠江投资股份有限公司,在营,郑晨光,42亿,人民币,1993-02-20,2023-11-02,广东省,广州市,天河区,91440000190353033D,62613888,gdpr@gdpr.com,191,民营企业,股份有限公司,房地产业,房地产业,房地产开发经营,房地产开发经营,-,广东省广州市天河区珠江东路421号601房,广东省广州市天河区珠江东路 421 号601 房,曾有债券发行,房地产项目投资及其投资业务咨询，信息服务，投资项目策划及组织有关学术活动；销售：五金交电，建筑材料，百货，日用杂货；房地产开发。(依法须经批准的项目，经相关部门批准后方可开展经营活动)
170,171.0,泰禾集团股份有限公司,在营,黄其森,24.89亿,人民币,1992-12-29,2019-06-06,福建省,三明市,三元区,91350000155584573M,0591-86305310,-,0,民营企业,股份有限公司,房地产业,房地产业,房地产开发经营,房地产开发经营,www.tahoecn.com,福建省三明市梅列区徐碧,福建省福州市晋安区岳峰镇横屿路9号东二环泰禾城市广场2号楼20-31层,曾有债券发行,"房地产开发经营;本公司商标特许经营;酒店管理;物业管理;园林绿化工程的设计、施工;商业物资供销(专营、专控、专卖及专项审批的商品除外);对外贸易;技术开发及技术转让;对第一产业、第二产业及第三产业的投资及投资管理;营养健康咨询服务;金融信息服务;企业管理咨询。(依法须经批准的项目,经相关部门批准后方可开展经营活动)。"
171,172.0,我爱我家控股集团股份有限公司,在营,谢勇,23.56亿,人民币,1992-11-30,2019-11-18,云南省,昆明市,盘龙区,915301002165755081,***********,000560@kunbuy.com,59,民营企业,股份有限公司,房地产业,房地产业,房地产中介服务,房地产中介服务,www.s000560.5i5j.com,云南省昆明市东风西路1号,北京市朝阳区朝来高科技产业园西区创远路36号院8号楼,曾有债券发行,互联网技术研发和维护;信息技术开发、技术转让、技术咨询、技术服务;电子商务平台营运开发建设管理;数据处理;物流信息服务;物联网技术服务;房地产经纪业务;住房租赁经营;物业服务;建筑装修装饰工程的设计及施工;酒店管理;商场经营管理;商务信息咨询;进出口贸易;设计、制作、代理、发布各类广告(公司经营范围最终以昆明市市场监督管理局核准为准)。
172,173.0,正源房地产开发有限公司,在营,杨军,79.47亿,人民币,1992-11-28,2022-08-18,辽宁省,大连市,沙河口区,9121020024238131XK,0411-84586762,33010559@qq.com,25,民营企业,有限责任公司,房地产业,房地产业,房地产开发经营,房地产开发经营,www.rightwaygroup.com,辽宁省大连市沙河口区五一路107-1号,辽宁省大连市沙河口区五一路107-1号,曾有债券发行,位于大连市沙河口区五一路99号的幸福E家1-3期、位于沙河口区五一路97号的幸福E家4期、位于沙河口区汉阳街8号和汉阳街10号的幸福E家5期（3、4-1、4-2、5、6、7、8-1、8-2区）的房屋开发、销售；物业管理；房屋租赁***（外资比例低于25%）。（依法须经批准的项目，经相关部门批准后方可开展经营活动。）
173,174.0,北京兆泰集团股份有限公司,在营,穆麒茹,7.05亿,人民币,1992-11-16,2020-11-06,北京市,-,西城区,911100006337984545,83571298,fanfangwei@zhaotai.com.cn,59,民营企业,股份有限公司,房地产业,房地产业,房地产租赁经营,房地产租赁经营,www.zhaotai.com.cn,北京市西城区丰汇园11号楼丰汇大厦东侧楼19层,北京市西城区丰汇园11号楼丰汇大厦东侧楼19层,曾有债券发行,投资；房地产开发，销售商品房；收购、改造、销售四合院；园林造型设计，绿化设计、建设工程设计；销售建筑材料、百货、日用品；工程技术咨询；出租自有房屋；出租商业设施；酒店管理；餐饮管理；会议服务；婚庆服务；健身服务；机动车停车场服务；设计、制作、代理、发布广告；以下项目限分支机构经营：餐饮服务（含凉菜、不含裱花蛋糕、不含生食海产品）；零售卷烟、雪茄烟；住宿；室内游泳馆。（“1、未经有关部门批准，不得以公开方式募集资金；2、不得公开开展证券类产品和金融衍生品交易活动；3、不得发放贷款；4、不得对所投资企业以外的其他企业提供担保；5、不得向投资者承诺投资本金不受损失或者承诺最低收益”；企业依法自主选择经营项目，开展经营活动；依法须经批准的项目，经相关部门批准后依批准的内容开展经营活动；不得从事本市产业政策禁止和限制类项目的经营活动。）
174,175.0,大华(集团)有限公司,在营,金惠明,15亿,人民币,1992-11-11,2023-02-20,上海市,-,宝山区,913100001334763603,021-66340070,dh@dahuahome.com,374,民营企业,有限责任公司,房地产业,房地产业,房地产开发经营,房地产开发经营,www.dahuahome.com,上海市华灵路698号,上海市普陀区大渡河路388弄1号,曾有债券发行,实业投资，房地产开发，国内贸易（除专项审批外），物业管理，服装加工，木制品加工，机械加工，通用设备制造，家具制造，仓储的投资管理，自有房屋租赁。【依法须经批准的项目，经相关部门批准后方可开展经营活动】
175,176.0,大悦城地产有限公司,在营,-,-,港元,1992-09-23,-,-,-,-,-,-,-,-,外资企业,股份有限公司,房地产业,房地产业,房地产开发经营,房地产开发经营,www.cn.joy-cityproperty.com,Clarendon House 2 Church Street Hamilton HM 11 Bermuda,香港铜锣湾告士打道262号中粮大厦33楼,曾有债券发行,本公司之主要业务为投资控股及提供公司管理服务，由2011年起，本集团开始了物业投资业务。
176,177.0,上海世茂股份有限公司,在营,吴凌华,37.51亿,人民币,1992-07-01,2020-08-18,上海市,-,黄浦区,91310000132202878T,021-20203388,shimao@shimaogroup.com,16,民营企业,股份有限公司,房地产业,房地产业,房地产开发经营,房地产开发经营,www.shimaoco.com,上海市黄浦区南京西路268号,上海市浦东新区潍坊西路55号上海世茂大厦7楼,曾有债券发行,"实业投资,房地产综合开发经营,本公司商标特许经营,酒店管理,物业管理,货物进出口及技术进出口,针纺织品,服装鞋帽,日用百货,皮革制品,玩具,钟表眼镜,照相器材,文化用品,五金交电,日用化学品,建筑装潢材料,家具,金属材料,电子产品,办公用品,机械设备,工艺美术品,计算机硬件、软件的批发、零售(拍卖除外)。【依法需经批准的项目,经相关部门批准后方可开展经营活动】"
177,178.0,建业住宅集团(中国)有限公司,在营,刘卫星,23.6亿,人民币,1992-05-22,2017-09-04,河南省,郑州市,管城回族区,914100007191748618,0371-66531760,645359237@qq.com,162,民营企业,有限责任公司,房地产业,房地产业,房地产开发经营,房地产开发经营,www.centralchina.com,河南自贸试验区郑州片区（郑东）农业东路与如意西路建业总部港E座,郑州市建业路建业城市花园88号,曾有债券发行,房地产开发与经营（濮示范地2016-24号宗地项目、濮示范地2016-30号宗地项目、濮示范地2016-31号宗地项目、濮示范地2017-05号宗地项目）；房地产配套投资、咨询与服务；建筑、装饰材料销售（涉及资质证的凭证经营）。
178,179.0,广东星河湾房地产(集团)有限公司,在营,黄健慧,20亿,人民币,1992-05-13,2022-05-13,广东省,广州市,番禺区,914401136187857355,020-87552828,weiwei.zhao@qq.com,430,民营企业,有限责任公司,房地产业,房地产业,房地产开发经营,房地产开发经营,www.star-river.com,广州市番禺区南村沙滘岛东端,广州市番禺区番禺大道北1号星河湾酒店23楼,曾有债券发行,土地使用权租赁;停车场服务;技术服务、技术开发、技术咨询、技术交流、技术转让、技术推广;非居住房地产租赁;物业管理;住房租赁;房地产咨询;居民日常生活服务;房地产开发经营;建设工程施工;各类工程建设活动
179,180.0,深圳市宝安宝利来实业有限公司,在营,文卫冲,3.08亿,人民币,1992-04-13,2021-06-17,广东省,深圳市,宝安区,91440300192503306Y,13902431287,249630379@qq.com,-,民营企业,有限责任公司,房地产业,房地产业,房地产开发经营,房地产开发经营,-,深圳市宝安区松岗街道东方社区松岗大道13号桂景园会所301,深圳市宝安区松岗街道楼岗社区楼岗大道23号一、二层,曾有债券发行,一般经营项目是：兴办实业（具体项目另行申报）；房地产开发（取得合法土地使用权后方可经营）；自有物业租赁；国内商业、物资供销业。（以上项目均不含法律、行政法规、国务院决定规定需前置审批及禁止项目），许可经营项目是：物业管理。
180,181.0,南京金鹰国际集团有限公司,在营,王恒,1.78亿,美元,1992-03-07,2022-04-08,江苏省,南京市,秦淮区,91320100608917765R,025-84708898,wangkang@jinying.com,102,港澳台企业,有限责任公司,房地产业,房地产业,房地产开发经营,房地产开发经营,www.netge.com,南京市秦淮区汉中路89号-1金鹰国际商城,南京市白下区汉中路89号-1金鹰国际商城,曾有债券发行,许可项目：房地产开发经营；住宿服务；高危险性体育运动(游泳)；生活美容服务；理发服务；餐饮服务；食品销售；洗浴服务；歌舞娱乐活动；酒吧服务(不含演艺娱乐活动)(依法须经批准的项目，经相关部门批准后方可开展经营活动，具体经营项目以审批结果为准)一般项目：承接总公司工程建设业务；非居住房地产租赁；商业综合体管理服务；物业管理；金银制品销售；企业管理咨询；信息咨询服务(不含许可类信息咨询服务)；技术服务、技术开发、技术咨询、技术交流、技术转让、技术推广；资源循环利用服务技术咨询；科技推广和应用服务；资源再生利用技术研发；储能技术服务；酒店管理；打字复印；健身休闲活动；棋牌室服务；会议及展览服务；娱乐性展览；礼仪服务(除依法须经批准的项目外，凭营业执照依法自主开展经营活动)
181,182.0,上海万业企业股份有限公司,在营,朱旭东,9.31亿,人民币,1991-10-28,2023-07-12,上海市,-,浦东新区,91310000132204523K,021-50366699,-,57,民营企业,股份有限公司,房地产业,房地产业,房地产开发经营,房地产开发经营,www.600641.com.cn,中国(上海)自由贸易试验区浦明路1500号12层(名义楼层15层),上海市浦东新区浦明路1500号,曾有债券发行,实业投资、资产经营、国内贸易(除专项规定外)、钢材、木材、建筑材料、建筑五金、商务信息咨询服务、从事电子科技领域的技术开发、技术咨询、技术转让、从事货物及技术进出口业务、财务咨询。
182,183.0,阳光城集团股份有限公司,在营,林腾蛟,41.4亿,人民币,1991-08-12,2017-04-05,福建省,福州市,马尾区,91350000158164371W,021-80328763,wuxia19@yango.com.cn,0,民营企业,股份有限公司,房地产业,房地产业,房地产开发经营,房地产开发经营,www.yango.com.cn,福建省福州市经济技术开发区星发路8号,上海市北外滩杨树浦路1058号阳光控股大厦18层,曾有债券发行,"对外贸易(不含国家禁止、限制的商品和技术);电力生产,代购代销电力产品和设备;电子通信技术开发,生物技术产品开发,农业及综合技术开发;基础设施开发、房地产开发;家用电器及电子产品、机械电子设备、五金交电、建筑材料、百货、针纺织品、化工产品(不含危险化学品及易制毒化学品)、重油(不含成品油)、润滑油、燃料油(不含成品油)、金属材料的批发、零售;化肥的销售;对医疗业的投资及管理;批发兼零售预包装食品;企业管理咨询服务。(依法须经批准的项目,经相关部门批准后方可开展经营活动)"
183,184.0,珠海中珠集团股份有限公司,在营,许德来,4亿,人民币,1991-03-08,2020-05-27,广东省,珠海市,香洲区,914404001925379523,0756-8131113,zhongzhu@zzinc.cn,30,民营企业,股份有限公司,房地产业,房地产业,房地产开发经营,房地产开发经营,www.zzinc.cn,珠海市拱北迎宾南路1081号中珠大厦十七楼,珠海市拱北迎宾南路1081号中珠大厦17楼,曾有债券发行,项目投资管理，项目投资咨询服务；房地产经营；物业管理（凭资质证经营）；实物租赁；为个人及企业提供信用担保；按珠海市外经委批复开展进出口业务（具体商品按珠外经字〈1998〉44号文执行）；批发、零售：建筑材料、装饰材料、五金交电、百货、仪器仪表、金属材料。(依法须经批准的项目，经相关部门批准后方可开展经营活动)〓
184,185.0,银基烯碳新材料集团股份有限公司,在营,吴支持,11.55亿,人民币,1989-12-14,2020-06-04,辽宁省,沈阳市,沈河区,912101002434902007,024-23992699,727416628@qq.com,10,民营企业,股份有限公司,房地产业,房地产业,房地产开发经营,房地产开发经营,www.ene-carbon.com,辽宁省沈阳市沈河区青年大街109号,辽宁省沈阳市沈河区沈水路600-15甲观澜庭营销中心,曾有债券发行,"石墨类产品、石墨烯及纳米碳、碳素类产品、耐火材料、活性碳类产品、烯碳新材料、稀土碳基复合材料、矿产品、金属和非金属材料销售(不含危险化学品),烯碳新材料技术开发和技术转让,城市基础设施投资(旅游服务、餐饮服务、住宿、房地产开发、装修装饰、建筑工程设计施工限分公司持证经营)。"
185,186.0,荣安地产股份有限公司,在营,王久芳,31.84亿,人民币,1989-05-19,2019-05-31,浙江省,宁波市,海曙区,913302001440685655,0574-87312308,rongan@000517.com,221,民营企业,股份有限公司,房地产业,房地产业,房地产开发经营,房地产开发经营,www.rongan.com.cn,浙江省宁波市海曙区灵桥路513号(14-12),浙江省宁波市鄞州区天童南路700号荣安大厦18F(A)、19F、20F,曾有债券发行,"房地产开发、经营;物业服务;房屋租赁;建筑材料、装饰材料、机械电器设备、五金交电、化工产品、制冷空调设备的批发、零售;市政工程施工;工业与民用建筑工程;实业投资;建筑施工技术咨询;国内劳务派遣;建筑智能化工程;自营和代理货物和技术的进出口,但国家限定经营或禁止进出口的货物和技术除外。"
186,187.0,泛海控股股份有限公司,在营,栾先舟,51.96亿,人民币,1989-05-09,2011-05-31,北京市,-,东城区,911100006188158771,85259698,INFO@FHKG.COM,70,民营企业,股份有限公司,房地产业,房地产业,房地产开发经营,房地产开发经营,www.fhkg.com,北京市东城区建国门内大街28号民生金融中心C座22层,北京市东城区建国门内大街28号民生金融中心C座22层,曾有债券发行,投资及投资管理；资产管理；经营房地产业务及物业管理；自有物业租赁；企业管理咨询；销售建筑材料、装饰材料、机械设备。（“1、未经有关部门批准，不得以公开方式募集资金；2、不得公开开展证券类产品和金融衍生品交易活动；3、不得发放贷款；4、不得对所投资企业以外的其他企业提供担保；5、不得向投资者承诺投资本金不受损失或者承诺最低收益”；市场主体依法自主选择经营项目，开展经营活动；依法须经批准的项目，经相关部门批准后依批准的内容开展经营活动；不得从事国家和本市产业政策禁止和限制类项目的经营活动。）
187,188.0,冠城大通股份有限公司,在营,韩孝煌,13.92亿,人民币,1988-04-03,2022-06-22,福建省,福州市,马尾区,91350000158166190Y,0591-83353338,gcdt@gcdt.net,55,民营企业,股份有限公司,房地产业,房地产业,房地产开发经营,房地产开发经营,www.gcdt.net,福建省福州市开发区快安延伸区创新楼,福建省福州市仓山区浦下洲路5号冠城大通广场1号楼C座,曾有债券发行,"对外贸易;电器机械及器材,自动化仪表及系统制造、维修、销售,有色金属材料加工;五金、交电的批发、零售;房地产开发。"
188,189.0,华发物业服务有限公司,在营,曾师,"5,000万",人民币,1985-09-02,2022-04-08,广东省,珠海市,香洲区,91440400192526356E,0756-8883296,hfwy@huafagroup.com,4293,港澳台企业,-,房地产业,房地产业,物业管理,物业管理,-,珠海市香洲区屏湾一路199号南湾公交首末站（办公楼）4楼,-,曾有债券发行,一般项目：物业管理；物业服务评估；土地使用权租赁；住房租赁；非居住房地产租赁；建筑物清洁服务；小微型客车租赁经营服务；代驾服务；洗车服务；城市绿化管理；城市公园管理；花卉绿植租借与代管理；林业产品销售；花卉种植；礼品花卉销售；工程管理服务；技术服务、技术开发、技术咨询、技术交流、技术转让、技术推广；居民日常生活服务；商业综合体管理服务；园区管理服务；市政设施管理；商务代理代办服务；餐饮管理；外卖递送服务；家政服务；养生保健服务（非医疗）；房地产经纪；家具安装和维修服务；专业保洁、清洗、消毒服务；会议及展览服务；礼仪服务；广告发布；广告设计、代理；软件开发；软件销售；电子、机械设备维护（不含特种设备）；日用百货销售；日用化学产品销售；机械设备销售；五金产品零售；电子产品销售；厨具卫具及日用杂品批发；体育竞赛组织；体育场地设施经营（不含高危险性体育运动）；通用设备修理；装卸搬运；市场营销策划；信息咨询服务（不含许可类信息咨询服务）；组织文化艺术交流活动；健身休闲活动；棋牌室服务；消防器材销售；旅游开发项目策划咨询；摄像及视频制作服务；日用家电零售；家具销售；建筑装饰材料销售；工艺美术品及收藏品零售（象牙及其制品除外）；汽车零配件零售；制冷、空调设备销售；机动车修理和维护；办公服务；机械设备租赁；建筑材料销售；酒店管理；停车场服务；食品销售（仅销售预包装食品）；食品互联网销售（仅销售预包装食品）；互联网销售（除销售需要许可的商品）。（除依法须经批准的项目外，凭营业执照依法自主开展经营活动）许可项目：保安服务；建设工程施工；城市生活垃圾经营性服务；城市配送运输服务（不含危险货物）；餐饮服务；食品销售；生活美容服务；理发服务；住宅室内装饰装修；道路货物运输（不含危险货物）；供暖服务；高危险性体育运动（游泳）；特种设备安装改造修理；建设工程设计；食品互联网销售。（依法须经批准的项目，经相关部门批准后方可开展经营活动，具体经营项目以相关部门批准文件或许可证件为准）
189,190.0,深圳融发投资有限公司,在营,王琳琳,500万,美元,1985-03-01,2023-03-09,广东省,深圳市,福田区,914403006188672396,22669366,970382650@qq.com,0,民营企业,有限责任公司,房地产业,房地产业,房地产开发经营,房地产开发经营,-,深圳市福田区福田街道金田路2028号皇岗商务中心主楼40F-12,深圳市人民南路发展中心大厦23层,曾有债券发行,一般经营项目是：引进先进技术、合资兴办工业项目（具体项目另行申报）、生产经营建筑装饰材料（产品100％外销，生产经营场所营业执照另行申办）、经营装饰工程的设计与施工；物业管理、自有物业（位于深圳市福田区中心区的皇庭国商购物广场）出租、经营及管理。，许可经营项目是：
190,191.0,深圳市中洲投资控股股份有限公司,在营,贾帅,6.65亿,人民币,1984-09-17,2020-11-10,广东省,深圳市,福田区,91440300192190768P,075588393666,121666636@qq.com,0,民营企业,股份有限公司,房地产业,房地产业,房地产开发经营,房地产开发经营,www.zztzkg.com,广东省深圳市福田区福田街道岗厦社区金田路3088号中洲大厦3802,广东省深圳市福田区金田路3088号中洲大厦38楼,曾有债券发行,房地产开发及商品房销售、管理;承接建筑安装工程;自有物业租赁。
191,192.0,合生创展集团有限公司,在营,-,-,港元,-,-,-,-,-,-,-,-,-,民营企业,股份有限公司,房地产业,房地产业,房地产开发经营,房地产开发经营,www.hopson.com.hk,Clarendon House 2 Church Street Hamilton HM 11 Bermuda,香港中环皇后大道中99号中环中心49楼4903-10室,曾有债券发行,-
192,193.0,九龙仓集团有限公司,在营,-,-,港元,-,-,香港,-,-,-,-,-,-,外资企业,股份有限公司,房地产业,房地产业,房地产开发经营,房地产开发经营,www.wharfholdings.com,香港九龙广东道海港城海洋中心16楼,香港九龙广东道海港城海洋中心16楼,曾有债券发行,"集团旗舰物业位处海港城尖沙咀商业枢纽,包括优质写字楼、商场、服务式住宅、酒店、会所和约2,000个泊车、物业还包括时代广场、中国业务、马哥孛罗酒店集团及现代货箱码头,集团亦在香港拥有多元化的投资,包括物业投资及发展、通讯、媒体及娱乐 (CME) 及公共交通等。"
